Name,Games Played,Team,League,Position,Season,Age,Goals,Assists,Points,+/-,PIM,EV Goals,PP Goals,SH Goals,GW Goals,Shots,S%,TOI,Goals Per Game,Assists Per Game,Points Per Game,Shots Per Game,OPS,DPS,Point Shares
Sebastian Aho,82,CAR,NHL,RW,2016-17,19,24,25,49,-1,26,17,6,1,4,214,11.2,1377,0.29,0.3,0.6,2.61,4.2,1.8,5.9
Karl Alzner,82,WSH,NHL,D,2016-17,28,3,10,13,23,28,3,0,0,0,81,3.7,1623,0.04,0.12,0.16,0.99,-0.3,4.8,4.6
Cam Atkinson,82,CBJ,NHL,RW,2016-17,27,35,27,62,13,22,22,10,3,9,240,14.6,1483,0.43,0.33,0.76,2.93,6.8,2,8.9
Nicklas Backstrom,82,WSH,NHL,C,2016-17,29,23,63,86,17,38,15,8,0,5,162,14.2,1497,0.28,0.77,1.05,1.98,7.8,2.1,9.9
Josh Bailey,82,NYI,NHL,RW,2016-17,27,13,43,56,5,12,10,3,0,1,173,7.5,1506,0.16,0.52,0.68,2.11,3.6,1.6,5.2
Pierre-Edouard Bellemare,82,PHI,NHL,LW,2016-17,31,4,4,8,-1,20,4,0,0,0,90,4.4,1064,0.05,0.05,0.1,1.1,-1.7,1.3,-0.4
Patrik Berglund,82,STL,NHL,C,2016-17,28,23,11,34,-7,32,19,4,0,5,153,15,1311,0.28,0.13,0.41,1.87,2.6,1.3,3.9
T.J. Brodie,82,CGY,NHL,D,2016-17,26,6,30,36,-16,24,4,1,1,2,78,7.7,1934,0.07,0.37,0.44,0.95,2.1,3.1,5.3
Connor Brown,82,TOR,NHL,RW,2016-17,23,20,16,36,3,10,17,2,1,4,139,14.4,1329,0.24,0.2,0.44,1.7,2.6,1.4,4
Brent Burns,82,SJS,NHL,D,2016-17,31,29,47,76,19,40,21,8,0,6,320,9.1,2039,0.35,0.57,0.93,3.9,8.9,6.4,15.3
Brandon Carlo,82,BOS,NHL,D,2016-17,20,6,10,16,9,59,5,0,1,0,88,6.8,1707,0.07,0.12,0.2,1.07,0.4,4.8,5.2
Jeff Carter,82,LAK,NHL,C,2016-17,32,32,34,66,2,41,21,10,1,9,250,12.8,1479,0.39,0.41,0.8,3.05,6.7,2.3,9
Jason Chimera,82,NYI,NHL,LW,2016-17,37,20,13,33,1,40,19,0,1,2,121,16.5,1071,0.24,0.16,0.4,1.48,3,1,4
Andrew Cogliano,82,ANA,NHL,LW,2016-17,29,16,19,35,11,26,13,0,3,2,178,9,1241,0.2,0.23,0.43,2.17,2.2,1.9,4.2
Charlie Coyle,82,MIN,NHL,C,2016-17,24,18,38,56,13,36,14,4,0,5,159,11.3,1370,0.22,0.46,0.68,1.94,4.4,1.7,6.1
Phillip Danault,82,MTL,NHL,LW,2016-17,23,13,27,40,5,35,13,0,0,3,133,9.8,1278,0.16,0.33,0.49,1.62,2.3,1.7,3.9
Calvin de Haan,82,NYI,NHL,D,2016-17,25,5,20,25,15,36,4,1,0,1,116,4.3,1628,0.06,0.24,0.3,1.41,1.4,4,5.4
Danny DeKeyser,82,DET,NHL,D,2016-17,26,4,8,12,-22,33,4,0,0,2,85,4.7,1800,0.05,0.1,0.15,1.04,-0.5,2.5,2
Drew Doughty,82,LAK,NHL,D,2016-17,27,12,32,44,8,46,7,5,0,1,181,6.6,2226,0.15,0.39,0.54,2.21,3.4,7.2,10.5
Leon Draisaitl,82,EDM,NHL,C,2016-17,21,29,48,77,7,20,19,10,0,5,172,16.9,1548,0.35,0.59,0.94,2.1,7.6,2,9.6
Jordan Eberle,82,EDM,NHL,RW,2016-17,26,20,31,51,3,16,16,4,0,0,208,9.6,1375,0.24,0.38,0.62,2.54,4.1,1.6,5.7
Nikolaj Ehlers,82,WPG,NHL,LW,2016-17,20,25,39,64,1,38,20,5,0,4,204,12.3,1434,0.3,0.48,0.78,2.49,5.8,1.3,7.2
Mattias Ekholm,82,NSH,NHL,D,2016-17,26,3,20,23,4,34,3,0,0,1,120,2.5,1924,0.04,0.24,0.28,1.46,0.5,4.1,4.6
Derek Forbort,82,LAK,NHL,D,2016-17,24,2,16,18,8,54,2,0,0,0,100,2,1650,0.02,0.2,0.22,1.22,0.1,5.5,5.6
Filip Forsberg,82,NSH,NHL,LW,2016-17,22,31,27,58,-4,32,25,3,3,9,234,13.2,1518,0.38,0.33,0.71,2.85,5.8,1.4,7.2
Michael Frolik,82,CGY,NHL,RW,2016-17,28,17,27,44,13,58,12,3,2,1,202,8.4,1401,0.21,0.33,0.54,2.46,2.7,2.2,4.9
Jake Gardiner,82,TOR,NHL,D,2016-17,26,9,34,43,24,34,7,2,0,2,127,7.1,1766,0.11,0.41,0.52,1.55,3.6,5.1,8.7
Brian Gionta,82,BUF,NHL,RW,2016-17,38,15,20,35,-11,22,11,3,1,3,149,10.1,1362,0.18,0.24,0.43,1.82,1.8,1.3,3
Claude Giroux,82,PHI,NHL,C,2016-17,29,14,44,58,-15,38,9,5,0,3,199,7,1568,0.17,0.54,0.71,2.43,3.6,1.4,4.9
Alex Goligoski,82,ARI,NHL,D,2016-17,31,6,30,36,-9,28,4,1,1,0,112,5.4,1913,0.07,0.37,0.44,1.37,2.3,3.6,5.9
Adam Henrique,82,NJD,NHL,C,2016-17,26,20,20,40,-20,38,12,6,2,2,142,14.1,1490,0.24,0.24,0.49,1.73,2.5,1.3,3.9
Zach Hyman,82,TOR,NHL,C,2016-17,24,10,18,28,2,30,6,0,4,3,156,6.4,1369,0.12,0.22,0.34,1.9,0.4,1.4,1.8
Jaromir Jagr,82,FLA,NHL,RW,2016-17,44,16,30,46,2,56,8,8,0,2,181,8.8,1394,0.2,0.37,0.56,2.21,3,1.9,4.9
Boone Jenner,82,CBJ,NHL,C,2016-17,23,18,16,34,14,52,16,0,2,4,211,8.5,1317,0.22,0.2,0.41,2.57,2.2,1.9,4.1
Ryan Johansen,82,NSH,NHL,C,2016-17,24,14,47,61,1,60,9,4,1,3,154,9.1,1545,0.17,0.57,0.74,1.88,4.1,1.7,5.8
Marcus Johansson,82,WSH,NHL,LW,2016-17,26,24,34,58,25,10,19,5,0,5,129,18.6,1394,0.29,0.41,0.71,1.57,5.1,2.4,7.5
Jack Johnson,82,CBJ,NHL,D,2016-17,30,5,18,23,23,32,4,1,0,1,116,4.3,1789,0.06,0.22,0.28,1.41,0.9,5.3,6.3
Nazem Kadri,82,TOR,NHL,C,2016-17,26,32,29,61,-7,95,20,12,0,6,236,13.6,1360,0.39,0.35,0.74,2.88,6.6,1,7.6
Patrick Kane,82,CHI,NHL,RW,2016-17,28,34,55,89,11,32,27,7,0,5,292,11.6,1754,0.41,0.67,1.09,3.56,8.7,2.1,10.8
Chris Kelly,82,OTT,NHL,C,2016-17,36,5,7,12,-17,23,4,0,1,2,85,5.9,979,0.06,0.09,0.15,1.04,-0.9,0.4,-0.4
Ryan Kesler,82,ANA,NHL,C,2016-17,32,22,36,58,8,83,14,8,0,2,186,11.8,1747,0.27,0.44,0.71,2.27,4.1,2.4,6.5
Phil Kessel,82,PIT,NHL,RW,2016-17,29,23,47,70,3,20,15,8,0,4,229,10,1471,0.28,0.57,0.85,2.79,6.1,1.1,7.3
Oscar Klefbom,82,EDM,NHL,D,2016-17,23,12,26,38,7,6,9,3,0,3,201,6,1834,0.15,0.32,0.46,2.45,3.3,4.3,7.6
Leo Komarov,82,TOR,NHL,C,2016-17,30,14,18,32,6,31,9,4,1,1,114,12.3,1400,0.17,0.22,0.39,1.39,1.2,1.6,2.8
David Krejci,82,BOS,NHL,C,2016-17,30,23,31,54,-12,26,15,8,0,3,158,14.6,1498,0.28,0.38,0.66,1.93,4.6,1.4,6
Evgeny Kuznetsov,82,WSH,NHL,C,2016-17,24,19,40,59,18,46,16,3,0,4,170,11.2,1390,0.23,0.49,0.72,2.07,4.7,2.1,6.7
Trevor Lewis,82,LAK,NHL,C,2016-17,30,12,12,24,-6,30,11,1,0,3,145,8.3,1170,0.15,0.15,0.29,1.77,0.7,1.5,2.2
Ben Lovejoy,82,NJD,NHL,D,2016-17,32,1,6,7,-7,39,1,0,0,1,84,1.2,1703,0.01,0.07,0.09,1.02,-1.2,3.8,2.5
Adam Lowry,82,WPG,NHL,C,2016-17,23,15,14,29,1,52,10,5,0,1,122,12.3,1316,0.18,0.17,0.35,1.49,1.2,1.2,2.4
Milan Lucic,82,EDM,NHL,LW,2016-17,28,23,27,50,-3,50,11,12,0,3,175,13.1,1407,0.28,0.33,0.61,2.13,4.3,1.4,5.7
Derek MacKenzie,82,FLA,NHL,C,2016-17,35,6,10,16,-7,50,4,0,2,1,91,6.6,1030,0.07,0.12,0.2,1.11,-0.4,1.1,0.6
Nathan MacKinnon,82,COL,NHL,C,2016-17,21,16,37,53,-14,16,12,2,2,4,251,6.4,1635,0.2,0.45,0.65,3.06,3.1,1.7,4.8
Josh Manson,82,ANA,NHL,D,2016-17,25,5,12,17,14,82,4,0,1,1,88,5.7,1527,0.06,0.15,0.21,1.07,0.6,4.7,5.3
Patrick Marleau,82,SJS,NHL,LW,2016-17,37,27,19,46,4,28,20,7,0,6,190,14.2,1407,0.33,0.23,0.56,2.32,4,1.9,6
Matt Martin,82,TOR,NHL,LW,2016-17,27,5,4,9,0,123,5,0,0,0,66,7.6,730,0.06,0.05,0.11,0.8,-0.5,0.7,0.2
Alec Martinez,82,LAK,NHL,D,2016-17,29,9,30,39,-17,24,6,2,1,3,144,6.3,1775,0.11,0.37,0.48,1.76,3.1,3.7,6.8
Auston Matthews,82,TOR,NHL,C,2016-17,19,40,29,69,2,14,32,8,0,8,279,14.3,1446,0.49,0.35,0.84,3.4,8.2,1.5,9.7
Connor McDavid,82,EDM,NHL,C,2016-17,20,30,70,100,27,26,26,3,1,6,251,12,1733,0.37,0.85,1.22,3.06,9.7,3,12.8
J.T. Miller,82,NYR,NHL,LW,2016-17,23,22,34,56,17,21,17,2,3,6,132,16.7,1342,0.27,0.41,0.68,1.61,4.9,1.9,6.8
Sean Monahan,82,CGY,NHL,C,2016-17,22,27,31,58,-1,20,18,8,1,4,199,13.6,1441,0.33,0.38,0.71,2.43,5.2,1.7,6.9
Dominic Moore,82,BOS,NHL,C,2016-17,36,11,14,25,2,44,8,0,3,1,96,11.5,1061,0.13,0.17,0.3,1.17,1.1,1.5,2.6
Josh Morrissey,82,WPG,NHL,D,2016-17,21,6,14,20,6,38,5,1,0,3,99,6.1,1598,0.07,0.17,0.24,1.21,0.9,2.8,3.7
Jake Muzzin,82,LAK,NHL,D,2016-17,27,9,19,28,-21,46,5,4,0,1,184,4.9,1828,0.11,0.23,0.34,2.24,1.8,3.6,5.4
Nino Niederreiter,82,MIN,NHL,RW,2016-17,24,25,32,57,17,53,17,8,0,3,186,13.4,1236,0.3,0.39,0.7,2.27,5.6,1.8,7.4
Joakim Nordstrom,82,CAR,NHL,LW,2016-17,24,7,5,12,-12,17,6,0,1,2,104,6.7,1043,0.09,0.06,0.15,1.27,-0.8,0.9,0
Ryan Nugent-Hopkins,82,EDM,NHL,C,2016-17,23,18,25,43,-10,29,13,5,0,4,200,9,1451,0.22,0.3,0.52,2.44,2.8,1.2,4
Dmitry Orlov,82,WSH,NHL,D,2016-17,25,6,27,33,30,51,5,1,0,0,125,4.8,1602,0.07,0.33,0.4,1.52,2.3,5.4,7.7
Alex Ovechkin,82,WSH,NHL,LW,2016-17,31,33,36,69,6,50,16,17,0,7,313,10.5,1506,0.4,0.44,0.84,3.82,7,1.7,8.7
Jean-Gabriel Pageau,82,OTT,NHL,C,2016-17,24,12,21,33,13,24,12,0,0,2,169,7.1,1323,0.15,0.26,0.4,2.06,1.3,2.1,3.4
Artemi Panarin,82,CHI,NHL,LW,2016-17,25,31,43,74,18,21,22,9,0,5,211,14.7,1597,0.38,0.52,0.9,2.57,7.2,2.2,9.4
Richard Panik,82,CHI,NHL,RW,2016-17,25,22,22,44,14,58,18,4,0,5,155,14.2,1208,0.27,0.27,0.54,1.89,3.9,1.7,5.6
David Perron,82,STL,NHL,LW,2016-17,28,18,28,46,-2,54,14,3,1,3,151,11.9,1418,0.22,0.34,0.56,1.84,3.1,1.6,4.7
Corey Perry,82,ANA,NHL,RW,2016-17,31,19,34,53,2,76,14,5,0,3,215,8.8,1453,0.23,0.41,0.65,2.62,4,1.8,5.8
Brett Pesce,82,CAR,NHL,D,2016-17,22,2,18,20,23,20,2,0,0,0,109,1.8,1739,0.02,0.22,0.24,1.33,0.3,6.2,6.5
Ivan Provorov,82,PHI,NHL,D,2016-17,20,6,24,30,-7,34,6,0,0,1,161,3.7,1802,0.07,0.29,0.37,1.96,1.7,3.9,5.7
Tom Pyatt,82,OTT,NHL,LW,2016-17,29,9,14,23,9,16,9,0,0,1,95,9.5,1281,0.11,0.17,0.28,1.16,0,1.9,1.8
Mark Pysyk,82,FLA,NHL,D,2016-17,25,4,13,17,0,10,4,0,0,0,86,4.7,1522,0.05,0.16,0.21,1.05,0.4,3.8,4.3
Victor Rask,82,CAR,NHL,C,2016-17,23,16,29,45,-10,16,12,4,0,3,186,8.6,1418,0.2,0.35,0.55,2.27,2.7,1.4,4.2
Brandon Saad,82,CBJ,NHL,LW,2016-17,24,24,29,53,23,8,23,1,0,4,210,11.4,1396,0.29,0.35,0.65,2.56,4.8,2.4,7.2
Luca Sbisa,82,VAN,NHL,D,2016-17,27,2,11,13,-1,40,2,0,0,1,75,2.7,1556,0.02,0.13,0.16,0.91,-0.3,4,3.7
Daniel Sedin,82,VAN,NHL,LW,2016-17,36,15,29,44,-16,32,9,6,0,3,216,6.9,1508,0.18,0.35,0.54,2.63,2.4,1.3,3.8
Henrik Sedin,82,VAN,NHL,C,2016-17,36,15,35,50,-27,28,14,1,0,4,99,15.2,1561,0.18,0.43,0.61,1.21,2.9,1,3.9
Tyler Seguin,82,DAL,NHL,C,2016-17,25,26,46,72,-15,22,15,11,0,4,301,8.6,1514,0.32,0.56,0.88,3.67,6.6,0.9,7.5
Devin Shore,82,DAL,NHL,C,2016-17,22,13,20,33,-4,14,12,1,0,0,115,11.3,1159,0.16,0.24,0.4,1.4,1.9,1,2.8
Wayne Simmonds,82,PHI,NHL,RW,2016-17,28,31,23,54,-18,122,13,16,2,4,224,13.8,1556,0.38,0.28,0.66,2.73,5.1,1.2,6.3
Jaccob Slavin,82,CAR,NHL,D,2016-17,22,5,29,34,23,12,4,0,1,0,99,5.1,1922,0.06,0.35,0.41,1.21,1.9,6.7,8.6
Eric Staal,82,MIN,NHL,C,2016-17,32,28,37,65,17,34,23,4,1,8,211,13.3,1526,0.34,0.45,0.79,2.57,6,2,8
Lee Stempniak,82,CAR,NHL,RW,2016-17,33,16,24,40,2,32,14,2,0,2,131,12.2,1299,0.2,0.29,0.49,1.6,2.5,1.8,4.3
Ryan Suter,82,MIN,NHL,D,2016-17,32,9,31,40,34,36,4,4,1,1,164,5.5,2208,0.11,0.38,0.49,2,2.7,6.6,9.3
Vladimir Tarasenko,82,STL,NHL,RW,2016-17,25,39,36,75,-1,12,30,9,0,8,286,13.6,1515,0.48,0.44,0.91,3.49,8.4,1.7,10.2
Tomas Tatar,82,DET,NHL,LW,2016-17,26,25,21,46,-8,26,20,5,0,5,166,15.1,1417,0.3,0.26,0.56,2.02,3.9,1.5,5.4
Vincent Trocheck*,82,FLA,NHL,C,2016-17,23,23,31,54,-13,43,21,2,0,2,230,10,1708,0.28,0.38,0.66,2.8,3.8,1.7,5.5
James van Riemsdyk,82,TOR,NHL,LW,2016-17,27,29,33,62,-2,37,23,6,0,5,238,12.2,1303,0.35,0.4,0.76,2.9,6.6,1.2,7.7
Jakub Voracek,82,PHI,NHL,RW,2016-17,27,20,41,61,-24,56,15,5,0,3,253,7.9,1565,0.24,0.5,0.74,3.09,4.6,1,5.6
Blake Wheeler,82,WPG,NHL,RW,2016-17,30,26,48,74,6,47,19,5,2,4,259,10,1652,0.32,0.59,0.9,3.16,6.5,1.7,8.2
Tom Wilson,82,WSH,NHL,RW,2016-17,22,7,12,19,9,133,7,0,0,0,95,7.4,1060,0.09,0.15,0.23,1.16,-0.1,1.4,1.3
Keith Yandle,82,FLA,NHL,D,2016-17,30,5,36,41,-6,39,3,2,0,0,178,2.8,1807,0.06,0.44,0.5,2.17,2.8,4,6.9
Nikita Zaitsev,82,TOR,NHL,D,2016-17,25,4,32,36,-22,38,3,1,0,0,106,3.8,1806,0.05,0.39,0.44,1.29,2.2,1.3,3.6
Henrik Zetterberg,82,DET,NHL,LW,2016-17,36,17,51,68,15,22,15,2,0,0,195,8.7,1617,0.21,0.62,0.83,2.38,4.9,2.7,7.6
Mikael Backlund,81,CGY,NHL,C,2016-17,27,22,31,53,9,36,15,7,0,7,197,11.2,1426,0.27,0.38,0.65,2.43,4.1,2.1,6.2
Jay Beagle,81,WSH,NHL,RW,2016-17,31,13,17,30,20,22,12,0,1,4,100,13,1104,0.16,0.21,0.37,1.23,1.6,1.9,3.5
Francois Beauchemin,81,COL,NHL,D,2016-17,36,5,13,18,-14,32,5,0,0,1,132,3.8,1743,0.06,0.16,0.22,1.63,0.4,3.3,3.7
Sam Bennett,81,CGY,NHL,C,2016-17,20,13,13,26,-16,75,9,4,0,0,122,10.7,1214,0.16,0.16,0.32,1.51,0.8,0.8,1.6
Kevin Bieksa,81,ANA,NHL,D,2016-17,35,3,11,14,0,63,2,1,0,1,94,3.2,1519,0.04,0.14,0.17,1.16,0,3.5,3.5
Mikkel Boedker,81,SJS,NHL,LW,2016-17,27,10,16,26,0,10,9,0,1,2,122,8.2,1162,0.12,0.2,0.32,1.51,0.7,1.5,2.1
Jay Bouwmeester,81,STL,NHL,D,2016-17,33,1,14,15,6,28,1,0,0,0,106,0.9,1815,0.01,0.17,0.19,1.31,-0.5,4.6,4.1
Derick Brassard,81,OTT,NHL,C,2016-17,29,14,25,39,12,24,11,3,0,3,195,7.2,1408,0.17,0.31,0.48,2.41,1.9,2.2,4.1
Justin Braun,81,SJS,NHL,D,2016-17,29,4,9,13,1,28,4,0,0,0,95,4.2,1626,0.05,0.11,0.16,1.17,-0.2,3.9,3.7
Paul Byron,81,MTL,NHL,LW,2016-17,27,22,21,43,21,29,21,0,1,6,96,22.9,1220,0.27,0.26,0.53,1.19,3.8,2.3,6
Alex Chiasson,81,CGY,NHL,RW,2016-17,26,12,12,24,-6,46,11,0,1,1,104,11.5,1084,0.15,0.15,0.3,1.28,0.8,1.1,1.9
Ian Cole,81,PIT,NHL,D,2016-17,27,5,21,26,26,72,5,0,0,1,89,5.6,1605,0.06,0.26,0.32,1.1,1.4,4.2,5.6
Jason Demers,81,FLA,NHL,D,2016-17,28,9,19,28,-14,53,9,0,0,2,98,9.2,1588,0.11,0.23,0.35,1.21,2.1,2.8,4.9
Brenden Dillon,81,SJS,NHL,D,2016-17,26,2,8,10,-2,60,2,0,0,0,86,2.3,1334,0.02,0.1,0.12,1.06,-0.4,3,2.6
Ryan Dzingel,81,OTT,NHL,LW,2016-17,24,14,18,32,7,30,12,1,1,1,123,11.4,1165,0.17,0.22,0.4,1.52,1.8,1.7,3.5
Lars Eller,81,WSH,NHL,C,2016-17,27,12,13,25,15,36,11,0,1,2,115,10.4,1126,0.15,0.16,0.31,1.42,0.9,1.7,2.6
Deryk Engelland,81,CGY,NHL,D,2016-17,34,4,12,16,2,85,4,0,0,2,107,3.7,1485,0.05,0.15,0.2,1.32,0.3,3.6,3.9
Sam Gagner,81,CBJ,NHL,C,2016-17,27,18,32,50,10,22,10,8,0,1,178,10.1,1111,0.22,0.4,0.62,2.2,4.6,1.5,6.1
Mark Giordano,81,CGY,NHL,D,2016-17,33,12,27,39,22,59,7,3,2,4,151,7.9,1910,0.15,0.33,0.48,1.86,3.1,6.3,9.4
Mikael Granlund,81,MIN,NHL,C,2016-17,24,26,43,69,23,12,16,7,3,4,177,14.7,1525,0.32,0.53,0.85,2.19,6.2,2.3,8.5
Dougie Hamilton,81,CGY,NHL,D,2016-17,23,13,37,50,12,64,11,2,0,5,222,5.9,1594,0.16,0.46,0.62,2.74,4.8,4.7,9.5
Noah Hanifin,81,CAR,NHL,D,2016-17,20,4,25,29,-19,26,2,2,0,1,108,3.7,1452,0.05,0.31,0.36,1.33,1.8,2,3.8
Bo Horvat,81,VAN,NHL,C,2016-17,21,20,32,52,-7,27,15,3,2,1,158,12.7,1461,0.25,0.4,0.64,1.95,4,1.7,5.7
Calle Jarnkrok,81,NSH,NHL,C,2016-17,25,15,16,31,-1,25,12,2,1,1,134,11.2,1274,0.19,0.2,0.38,1.65,1.6,1.3,2.9
William Karlsson,81,CBJ,NHL,C,2016-17,24,6,19,25,10,10,5,1,0,3,96,6.3,1084,0.07,0.23,0.31,1.19,0.5,1.5,2
Alex Killorn,81,TBL,NHL,LW,2016-17,27,19,17,36,-9,66,14,4,1,4,176,10.8,1458,0.23,0.21,0.44,2.17,2,1.3,3.3
Torey Krug,81,BOS,NHL,D,2016-17,25,8,43,51,-10,37,2,6,0,1,208,3.8,1750,0.1,0.53,0.63,2.57,4.6,3.3,7.9
Nick Leddy,81,NYI,NHL,D,2016-17,25,11,35,46,-3,12,8,3,0,1,137,8,1840,0.14,0.43,0.57,1.69,4.1,2.9,7
Anders Lee,81,NYI,NHL,LW,2016-17,26,34,18,52,9,56,25,9,0,6,191,17.8,1263,0.42,0.22,0.64,2.36,6.2,1.6,7.7
Patrick Maroon,81,EDM,NHL,LW,2016-17,28,27,15,42,13,95,24,3,0,5,178,15.2,1356,0.33,0.19,0.52,2.2,3.9,2,6
Paul Martin,81,SJS,NHL,D,2016-17,35,4,22,26,10,20,4,0,0,1,57,7,1557,0.05,0.27,0.32,0.7,1.3,4.5,5.8
Michael Matheson,81,FLA,NHL,D,2016-17,22,7,10,17,-5,36,7,0,0,0,179,3.9,1705,0.09,0.12,0.21,2.21,0.5,3.9,4.4
Matt Moulson,81,BUF,NHL,LW,2016-17,33,14,18,32,-4,10,3,11,0,2,134,10.4,940,0.17,0.22,0.4,1.65,2.5,1,3.5
Riley Nash,81,BOS,NHL,C,2016-17,27,7,10,17,-1,14,6,0,1,2,125,5.6,1118,0.09,0.12,0.21,1.54,-0.4,1.4,1
Brock Nelson,81,NYI,NHL,LW,2016-17,25,20,25,45,-6,36,19,1,0,4,173,11.6,1268,0.25,0.31,0.56,2.14,3.8,0.9,4.7
William Nylander,81,TOR,NHL,C,2016-17,20,22,39,61,-3,32,13,9,0,2,205,10.7,1297,0.27,0.48,0.75,2.53,5.7,1.1,6.8
Max Pacioretty,81,MTL,NHL,LW,2016-17,28,35,32,67,15,38,26,8,1,7,268,13.1,1553,0.43,0.4,0.83,3.31,6.9,2.4,9.3
Colton Parayko,81,STL,NHL,D,2016-17,23,4,31,35,7,32,0,4,0,2,188,2.1,1717,0.05,0.38,0.43,2.32,2.2,4.5,6.7
Joe Pavelski,81,SJS,NHL,C,2016-17,32,29,39,68,11,34,21,7,1,7,233,12.4,1549,0.36,0.48,0.84,2.88,6.3,2.4,8.7
Dion Phaneuf,81,OTT,NHL,D,2016-17,31,9,21,30,-6,100,4,4,1,2,156,5.8,1866,0.11,0.26,0.37,1.93,2,3.9,5.9
Matt Stajan,81,CGY,NHL,C,2016-17,33,6,17,23,3,40,6,0,0,3,59,10.2,1027,0.07,0.21,0.28,0.73,0.3,1.4,1.6
Derek Stepan,81,NYR,NHL,C,2016-17,26,17,38,55,19,16,12,4,1,2,209,8.1,1507,0.21,0.47,0.68,2.58,3.8,2.2,5.9
Brandon Sutter,81,VAN,NHL,C,2016-17,27,17,17,34,-20,12,13,4,0,1,160,10.6,1523,0.21,0.21,0.42,1.98,1.5,1.2,2.7
Teuvo Teravainen,81,CAR,NHL,LW,2016-17,22,15,27,42,-6,16,10,5,0,2,169,8.9,1315,0.19,0.33,0.52,2.09,2.6,1.5,4.1
Chris VandeVelde,81,PHI,NHL,C,2016-17,29,6,9,15,-5,16,6,0,0,0,69,8.7,936,0.07,0.11,0.19,0.85,-0.3,1,0.7
Radim Vrbata,81,ARI,NHL,RW,2016-17,35,20,35,55,-18,16,16,4,0,4,233,8.6,1369,0.25,0.43,0.68,2.88,4.5,0.9,5.3
Viktor Arvidsson,80,NSH,NHL,LW,2016-17,23,31,30,61,16,28,22,4,5,6,246,12.6,1372,0.39,0.38,0.76,3.08,6.5,2.1,8.7
Nick Bonino,80,PIT,NHL,C,2016-17,28,18,19,37,-5,16,11,6,1,1,142,12.7,1332,0.23,0.24,0.46,1.78,2.3,0.7,3
Dustin Brown,80,LAK,NHL,RW,2016-17,32,14,22,36,-4,22,9,4,1,1,175,8,1280,0.18,0.28,0.45,2.19,1.9,1.8,3.7
Dustin Byfuglien,80,WPG,NHL,D,2016-17,31,13,39,52,10,117,12,1,0,1,241,5.4,2196,0.16,0.49,0.65,3.01,4.5,4,8.5
Brian Campbell,80,CHI,NHL,D,2016-17,37,5,12,17,12,24,3,2,0,1,74,6.8,1474,0.06,0.15,0.21,0.93,0.6,3.7,4.3
Braydon Coburn,80,TBL,NHL,D,2016-17,31,5,7,12,-1,50,4,0,1,0,102,4.9,1339,0.06,0.09,0.15,1.28,0.2,3,3.2
Brandon Dubinsky,80,CBJ,NHL,C,2016-17,30,12,29,41,16,91,10,1,1,5,115,10.4,1432,0.15,0.36,0.51,1.44,2,2.1,4.1
Radek Faksa,80,DAL,NHL,C,2016-17,23,12,21,33,-6,67,12,0,0,0,132,9.1,1294,0.15,0.26,0.41,1.65,1.4,1,2.4
Marcus Foligno,80,BUF,NHL,LW,2016-17,25,13,10,23,-1,73,12,0,1,0,97,13.4,1238,0.16,0.13,0.29,1.21,0.5,1.5,2.1
Cam Fowler,80,ANA,NHL,D,2016-17,25,11,28,39,7,20,5,5,1,3,186,5.9,1988,0.14,0.35,0.49,2.33,3.1,5.2,8.3
Nick Holden,80,NYR,NHL,D,2016-17,29,11,23,34,13,35,8,3,0,2,84,13.1,1649,0.14,0.29,0.43,1.05,2.9,3.9,6.8
Jarome Iginla,80,TOT,NHL,RW,2016-17,39,14,13,27,-30,70,7,7,0,4,153,9.2,1210,0.18,0.16,0.34,1.91,1.1,0.5,1.6
Duncan Keith,80,CHI,NHL,D,2016-17,33,6,47,53,22,16,4,2,0,2,183,3.3,2049,0.08,0.59,0.66,2.29,4,5.5,9.5
Dwight King,80,TOT,NHL,LW,2016-17,27,9,7,16,-2,12,9,0,0,1,110,8.2,1153,0.11,0.09,0.2,1.38,-0.5,1.6,1.1
John Klingberg,80,DAL,NHL,D,2016-17,24,13,36,49,2,34,9,4,0,3,124,10.5,1868,0.16,0.45,0.61,1.55,4.6,3.6,8.1
Mikko Koivu,80,MIN,NHL,C,2016-17,33,18,40,58,27,34,16,2,0,4,139,12.9,1529,0.23,0.5,0.73,1.74,4.1,2.4,6.6
Dylan Larkin,80,DET,NHL,C,2016-17,20,17,15,32,-28,37,11,5,1,1,178,9.6,1292,0.21,0.19,0.4,2.23,1.8,0.5,2.3
Brad Marchand,80,BOS,NHL,LW,2016-17,28,39,46,85,18,81,27,9,3,8,226,17.3,1555,0.49,0.58,1.06,2.83,9.8,2.8,12.6
Kyle Palmieri,80,NJD,NHL,RW,2016-17,25,26,27,53,2,46,17,8,1,3,192,13.5,1388,0.33,0.34,0.66,2.4,5,2.1,7.1
Tanner Pearson,80,LAK,NHL,LW,2016-17,24,24,20,44,5,13,20,3,1,5,187,12.8,1306,0.3,0.25,0.55,2.34,3.8,2.2,6
Jeff Petry,80,MTL,NHL,D,2016-17,29,8,20,28,3,22,6,2,0,1,172,4.7,1769,0.1,0.25,0.35,2.15,1.8,4.2,6
Alex Pietrangelo,80,STL,NHL,D,2016-17,27,14,34,48,3,24,8,6,0,4,181,7.7,2023,0.18,0.43,0.6,2.26,4.4,4.8,9.2
Ryan Reaves,80,STL,NHL,RW,2016-17,30,7,6,13,4,104,7,0,0,1,58,12.1,711,0.09,0.08,0.16,0.73,0.2,1,1.2
Tobias Rieder,80,ARI,NHL,RW,2016-17,24,16,18,34,-8,6,13,2,1,1,155,10.3,1385,0.2,0.23,0.43,1.94,1.7,1.3,3
Colton Sceviour,80,FLA,NHL,C,2016-17,27,9,15,24,-16,25,5,1,3,1,172,5.2,1171,0.11,0.19,0.3,2.15,0.4,0.9,1.3
Andrej Sekera,80,EDM,NHL,D,2016-17,30,8,27,35,14,18,6,1,1,1,128,6.3,1719,0.1,0.34,0.44,1.6,2.7,4.6,7.3
Damon Severson,80,NJD,NHL,D,2016-17,22,3,28,31,-31,58,3,0,0,1,125,2.4,1628,0.04,0.35,0.39,1.56,1.8,1.6,3.4
Kevin Shattenkirk,80,TOT,NHL,D,2016-17,28,13,43,56,-7,47,5,8,0,2,161,8.1,1595,0.16,0.54,0.7,2.01,5.6,2.8,8.5
Riley Sheahan,80,DET,NHL,C,2016-17,25,2,11,13,-29,14,1,1,0,0,109,1.8,1118,0.03,0.14,0.16,1.36,-1.5,0.2,-1.2
Brady Skjei,80,NYR,NHL,D,2016-17,22,5,34,39,11,42,5,0,0,0,127,3.9,1397,0.06,0.43,0.49,1.59,3.1,3.3,6.4
Reilly Smith,80,FLA,NHL,RW,2016-17,25,15,22,37,-13,17,8,6,1,3,160,9.4,1468,0.19,0.28,0.46,2,1.7,1.4,3.1
Carl Soderberg,80,COL,NHL,C,2016-17,31,6,8,14,-26,22,5,1,0,0,128,4.7,1076,0.08,0.1,0.18,1.6,-0.8,0.4,-0.4
Andrej Sustr,80,TBL,NHL,D,2016-17,26,3,11,14,-10,43,3,0,0,1,93,3.2,1407,0.04,0.14,0.18,1.16,0.1,2.4,2.5
Chris Tierney,80,SJS,NHL,C,2016-17,22,11,12,23,0,6,9,1,1,2,90,12.2,1168,0.14,0.15,0.29,1.13,0.4,1.5,1.9
Jimmy Vesey,80,NYR,NHL,LW,2016-17,23,16,11,27,-13,26,11,5,0,6,116,13.8,1091,0.2,0.14,0.34,1.45,1.7,0.4,2.2
Alexander Wennberg,80,CBJ,NHL,C,2016-17,22,13,46,59,9,21,11,2,0,5,109,11.9,1470,0.16,0.58,0.74,1.36,4,1.9,5.9
Justin Williams,80,WSH,NHL,RW,2016-17,35,24,24,48,14,50,19,5,0,4,167,14.4,1238,0.3,0.3,0.6,2.09,4.4,1.8,6.2
Travis Zajac,80,NJD,NHL,C,2016-17,31,14,31,45,-8,33,7,6,1,1,126,11.1,1578,0.18,0.39,0.56,1.58,2.2,2,4.2
Mats Zuccarello,80,NYR,NHL,RW,2016-17,29,15,44,59,15,26,10,5,0,3,189,7.9,1506,0.19,0.55,0.74,2.36,4,2,6
Patrice Bergeron,79,BOS,NHL,C,2016-17,31,21,32,53,12,24,13,8,0,7,302,7,1534,0.27,0.41,0.67,3.82,4.2,2.5,6.6
Cody Ceci,79,OTT,NHL,D,2016-17,23,2,15,17,-11,20,2,0,0,0,143,1.4,1833,0.03,0.19,0.22,1.81,-0.2,3.4,3.2
Patrick Eaves,79,TOT,NHL,RW,2016-17,32,32,19,51,-2,24,19,13,0,2,209,15.3,1296,0.41,0.24,0.65,2.65,5.6,1.2,6.9
Oliver Ekman-Larsson,79,ARI,NHL,D,2016-17,25,12,27,39,-25,48,4,8,0,1,145,8.3,1945,0.15,0.34,0.49,1.84,3.2,2.4,5.6
Valtteri Filppula,79,TOT,NHL,C,2016-17,32,12,30,42,-1,26,12,0,0,1,97,12.4,1375,0.15,0.38,0.53,1.23,2.1,1.6,3.7
Nick Foligno,79,CBJ,NHL,LW,2016-17,29,26,25,51,-4,55,15,11,0,5,185,14.1,1456,0.33,0.32,0.65,2.34,4.6,1.3,5.9
Dan Hamhuis,79,DAL,NHL,D,2016-17,34,1,15,16,-7,23,0,1,0,0,83,1.2,1529,0.01,0.19,0.2,1.05,0,2.2,2.2
Victor Hedman,79,TBL,NHL,D,2016-17,26,16,56,72,3,47,12,4,0,5,166,9.6,1936,0.2,0.71,0.91,2.1,7.3,4.7,12
Zack Kassian,79,EDM,NHL,RW,2016-17,26,7,17,24,4,101,7,0,0,0,110,6.4,972,0.09,0.22,0.3,1.39,0.8,1.2,2
Adam Larsson,79,EDM,NHL,D,2016-17,24,4,15,19,21,55,4,0,0,0,85,4.7,1592,0.05,0.19,0.24,1.08,0.6,5,5.5
Frans Nielsen,79,DET,NHL,C,2016-17,32,17,24,41,-19,18,11,4,2,0,162,10.5,1355,0.22,0.3,0.52,2.05,2.6,1,3.6
Brooks Orpik,79,WSH,NHL,D,2016-17,36,0,14,14,32,48,0,0,0,0,93,0,1405,0,0.18,0.18,1.18,-0.2,5.2,5
Sam Reinhart,79,BUF,NHL,C,2016-17,21,17,30,47,-11,8,8,9,0,3,178,9.6,1360,0.22,0.38,0.59,2.25,3.3,1.3,4.6
Rasmus Ristolainen,79,BUF,NHL,D,2016-17,22,6,39,45,-9,58,5,1,0,2,186,3.2,2091,0.08,0.49,0.57,2.35,3.1,4.5,7.6
Mark Scheifele,79,WPG,NHL,C,2016-17,23,32,50,82,18,38,25,7,0,5,160,20,1624,0.41,0.63,1.04,2.03,8.1,2.2,10.3
Brayden Schenn,79,PHI,NHL,C,2016-17,25,25,30,55,-13,38,8,17,0,7,178,14,1407,0.32,0.38,0.7,2.25,4.9,1.2,6.2
Brent Seabrook,79,CHI,NHL,D,2016-17,31,3,36,39,5,26,1,2,0,0,131,2.3,1729,0.04,0.46,0.49,1.66,2.5,3.5,6
Jakob Silfverberg,79,ANA,NHL,RW,2016-17,26,23,26,49,10,20,17,5,1,5,227,10.1,1460,0.29,0.33,0.62,2.87,4,2.1,6.1
Jeff Skinner,79,CAR,NHL,LW,2016-17,24,37,26,63,-3,28,30,7,0,4,281,13.2,1401,0.47,0.33,0.8,3.56,7.1,1.7,8.8
Chris Stewart,79,MIN,NHL,RW,2016-17,29,13,8,21,3,94,13,0,0,0,82,15.9,821,0.16,0.1,0.27,1.04,1.5,0.8,2.3
Joe Thornton,79,SJS,NHL,C,2016-17,37,7,43,50,7,51,6,1,0,0,81,8.6,1427,0.09,0.54,0.63,1.03,2.2,2.1,4.3
Jason Zucker,79,MIN,NHL,LW,2016-17,25,22,25,47,34,30,21,1,0,3,172,12.8,1208,0.28,0.32,0.59,2.18,4.3,2.5,6.7
Josh Anderson,78,CBJ,NHL,RW,2016-17,22,17,12,29,12,89,17,0,0,3,119,14.3,938,0.22,0.15,0.37,1.53,2.6,1.5,4
Tyler Bozak,78,TOR,NHL,C,2016-17,30,18,37,55,-1,30,11,7,0,1,145,12.4,1282,0.23,0.47,0.71,1.86,4.6,1.2,5.8
Christian Dvorak,78,ARI,NHL,LW,2016-17,20,15,18,33,7,22,13,2,0,1,88,17,1218,0.19,0.23,0.42,1.13,1.9,1.7,3.6
Scott Hartnell,78,CBJ,NHL,LW,2016-17,34,13,24,37,14,63,11,2,0,1,104,12.5,941,0.17,0.31,0.47,1.33,3,1.5,4.6
Andrew Ladd,78,NYI,NHL,LW,2016-17,31,23,8,31,-14,45,19,3,1,4,142,16.2,1262,0.29,0.1,0.4,1.82,2.6,0.6,3.1
Mark Letestu,78,EDM,NHL,C,2016-17,31,16,19,35,-2,17,3,11,2,6,120,13.3,1111,0.21,0.24,0.45,1.54,2.6,1.1,3.7
Torrey Mitchell,78,MTL,NHL,C,2016-17,32,8,9,17,5,38,8,0,0,1,68,11.8,983,0.1,0.12,0.22,0.87,0,1.3,1.3
Matt Niskanen,78,WSH,NHL,D,2016-17,30,5,34,39,20,32,4,1,0,2,154,3.2,1730,0.06,0.44,0.5,1.97,2.7,4.8,7.4
Tomas Plekanec,78,MTL,NHL,C,2016-17,34,10,18,28,10,24,5,3,2,3,139,7.2,1312,0.13,0.23,0.36,1.78,0.5,1.9,2.4
Jason Pominville,78,MIN,NHL,RW,2016-17,34,13,34,47,2,4,13,0,0,2,176,7.4,1110,0.17,0.44,0.6,2.26,3.5,1,4.6
Brett Ritchie,78,DAL,NHL,RW,2016-17,23,16,8,24,11,38,15,1,0,2,167,9.6,1006,0.21,0.1,0.31,2.14,1.6,1.4,3.1
Luke Schenn,78,ARI,NHL,D,2016-17,27,1,7,8,-9,85,1,0,0,0,94,1.1,1408,0.01,0.09,0.1,1.21,-0.8,2.5,1.7
Justin Schultz,78,PIT,NHL,D,2016-17,26,12,39,51,27,34,9,3,0,1,154,7.8,1595,0.15,0.5,0.65,1.97,5,4.2,9.2
Jaden Schwartz,78,STL,NHL,LW,2016-17,24,19,36,55,14,18,16,3,0,4,179,10.6,1475,0.24,0.46,0.71,2.29,4.1,2.3,6.4
Craig Smith,78,NSH,NHL,RW,2016-17,27,12,17,29,7,30,10,2,0,1,155,7.7,1078,0.15,0.22,0.37,1.99,1.6,1.4,3
Ryan Spooner,78,BOS,NHL,C,2016-17,25,11,28,39,-8,14,8,3,0,3,145,7.6,1099,0.14,0.36,0.5,1.86,2.6,1.1,3.7
Kyle Turris,78,OTT,NHL,C,2016-17,27,27,28,55,-3,47,21,6,0,6,185,14.6,1521,0.35,0.36,0.71,2.37,4.9,1.7,6.5
Joel Ward,78,SJS,NHL,RW,2016-17,36,10,19,29,-2,30,7,1,2,2,105,9.5,1244,0.13,0.24,0.37,1.35,0.8,1.5,2.2
Shea Weber,78,MTL,NHL,D,2016-17,31,17,25,42,20,38,5,12,0,4,183,9.3,1955,0.22,0.32,0.54,2.35,4.1,6,10.1
Zach Werenski,78,CBJ,NHL,D,2016-17,19,11,36,47,17,14,7,4,0,1,188,5.9,1631,0.14,0.46,0.6,2.41,4.5,4.5,9.1
Scott Wilson,78,PIT,NHL,LW,2016-17,24,8,18,26,0,32,8,0,0,1,127,6.3,854,0.1,0.23,0.33,1.63,1.4,0.6,2
Jamie Benn,77,DAL,NHL,LW,2016-17,27,26,43,69,-9,66,13,12,1,4,201,12.9,1492,0.34,0.56,0.9,2.61,6.4,1.1,7.5
Blake Comeau,77,COL,NHL,LW,2016-17,30,8,12,20,-19,58,5,2,1,1,103,7.8,1154,0.1,0.16,0.26,1.34,-0.1,0.8,0.7
Matt Duchene,77,COL,NHL,C,2016-17,26,18,23,41,-34,12,14,3,1,3,160,11.3,1409,0.23,0.3,0.53,2.08,2.6,0.5,3.1
Erik Karlsson,77,OTT,NHL,D,2016-17,26,17,54,71,10,28,13,4,0,5,218,7.8,2066,0.22,0.7,0.92,2.83,7.2,5.7,12.9
Mitch Marner,77,TOR,NHL,C,2016-17,19,19,42,61,0,38,15,4,0,5,176,10.8,1294,0.25,0.55,0.79,2.29,5.4,1.2,6.6
Jordan Martinook,77,ARI,NHL,LW,2016-17,24,11,14,25,-8,40,9,1,1,2,109,10.1,1207,0.14,0.18,0.32,1.42,0.6,1.1,1.7
Ryan McDonagh,77,NYR,NHL,D,2016-17,27,6,36,42,20,37,4,1,1,1,153,3.9,1876,0.08,0.47,0.55,1.99,3,4.8,7.8
Adam McQuaid,77,BOS,NHL,D,2016-17,30,2,8,10,4,71,2,0,0,1,64,3.1,1405,0.03,0.1,0.13,0.83,-0.4,3.7,3.3
Connor Murphy,77,ARI,NHL,D,2016-17,23,2,15,17,-13,45,1,0,1,1,81,2.5,1477,0.03,0.19,0.22,1.05,0.3,2.3,2.5
Nick Ritchie,77,ANA,NHL,LW,2016-17,21,14,14,28,4,62,13,1,0,3,149,9.4,1000,0.18,0.18,0.36,1.94,1.9,1.3,3.2
John Tavares,77,NYI,NHL,C,2016-17,26,28,38,66,4,38,20,7,1,3,260,10.8,1572,0.36,0.49,0.86,3.38,6.2,1.6,7.8
Austin Watson,77,NSH,NHL,LW,2016-17,25,5,12,17,14,99,5,0,0,0,90,5.6,957,0.06,0.16,0.22,1.17,-0.2,1.6,1.4
Mathew Dumba,76,MIN,NHL,D,2016-17,22,11,23,34,15,59,5,6,0,1,131,8.4,1545,0.14,0.3,0.45,1.72,3.1,3.9,6.9
Alexei Emelin,76,MTL,NHL,D,2016-17,30,2,8,10,1,71,2,0,0,0,82,2.4,1620,0.03,0.11,0.13,1.08,-0.7,3.7,3
Micheal Ferland,76,CGY,NHL,LW,2016-17,24,15,10,25,-1,50,13,2,0,1,106,14.2,879,0.2,0.13,0.33,1.39,1.9,1,2.9
Shayne Gostisbehere,76,PHI,NHL,D,2016-17,23,7,32,39,-21,32,5,2,0,1,198,3.5,1489,0.09,0.42,0.51,2.61,3.2,2,5.2
Michael Grabner,76,NYR,NHL,RW,2016-17,29,27,13,40,22,10,26,0,1,3,162,16.7,1071,0.36,0.17,0.53,2.13,4.4,1.9,6.3
Ryan Hartman,76,CHI,NHL,LW,2016-17,22,19,12,31,13,70,18,1,0,4,170,11.2,970,0.25,0.16,0.41,2.24,2.8,1.4,4.2
Kevin Hayes,76,NYR,NHL,RW,2016-17,24,17,32,49,10,18,15,1,1,4,143,11.9,1258,0.22,0.42,0.64,1.88,3.8,1.6,5.3
Thomas Hickey,76,NYI,NHL,D,2016-17,27,4,16,20,-1,35,4,0,0,2,87,4.6,1331,0.05,0.21,0.26,1.14,1,2.2,3.2
Anze Kopitar,76,LAK,NHL,C,2016-17,29,12,40,52,-10,28,7,5,0,0,150,8,1578,0.16,0.53,0.68,1.97,2.6,1.9,4.6
Jake McCabe,76,BUF,NHL,D,2016-17,23,3,17,20,-7,26,2,1,0,1,79,3.8,1574,0.04,0.22,0.26,1.04,0.6,3.4,4
Gustav Nyquist,76,DET,NHL,RW,2016-17,27,12,36,48,0,18,10,2,0,2,165,7.3,1325,0.16,0.47,0.63,2.17,2.9,1.7,4.7
Alexander Radulov,76,MTL,NHL,RW,2016-17,30,18,36,54,10,62,12,6,0,2,147,12.2,1390,0.24,0.47,0.71,1.93,4.1,2,6.1
Morgan Rielly,76,TOR,NHL,D,2016-17,22,6,21,27,-20,21,5,1,0,1,171,3.5,1685,0.08,0.28,0.36,2.25,1.6,1.3,2.9
Jared Spurgeon,76,MIN,NHL,D,2016-17,27,10,28,38,33,20,9,1,0,2,144,6.9,1827,0.13,0.37,0.5,1.89,3,5.9,8.9
Alex Steen,76,STL,NHL,LW,2016-17,32,16,35,51,-2,53,13,3,0,2,117,13.7,1467,0.21,0.46,0.67,1.54,3.3,1.6,5
Matthew Tkachuk,76,CGY,NHL,LW,2016-17,19,13,35,48,14,105,10,3,0,2,142,9.2,1114,0.17,0.46,0.63,1.87,3.5,1.9,5.4
Chris Wideman,76,OTT,NHL,D,2016-17,27,5,12,17,7,46,4,1,0,1,123,4.1,1061,0.07,0.16,0.22,1.62,1.1,3.1,4.2
Brian Boyle,75,TOT,NHL,C,2016-17,32,13,12,25,3,66,10,3,0,2,131,9.9,977,0.17,0.16,0.33,1.75,1.4,1.2,2.7
Alexandre Burrows,75,TOT,NHL,LW,2016-17,35,15,16,31,3,62,14,1,0,2,143,10.5,1099,0.2,0.21,0.41,1.91,2.1,1.5,3.6
Zdeno Chara,75,BOS,NHL,D,2016-17,39,10,19,29,18,59,7,1,2,0,136,7.4,1750,0.13,0.25,0.39,1.81,2.3,5.7,8
Sidney Crosby,75,PIT,NHL,C,2016-17,29,44,45,89,17,24,30,14,0,5,255,17.3,1491,0.59,0.6,1.19,3.4,10.5,1.7,12.3
Justin Faulk,75,CAR,NHL,D,2016-17,24,17,20,37,-18,32,13,4,0,2,225,7.6,1736,0.23,0.27,0.49,3,3.8,2.8,6.6
Zemgus Girgensons,75,BUF,NHL,C,2016-17,23,7,9,16,-7,18,7,0,0,0,112,6.3,987,0.09,0.12,0.21,1.49,-0.2,1,0.8
Mikhail Grigorenko,75,COL,NHL,C,2016-17,22,10,13,23,-14,18,10,0,0,0,85,11.8,1057,0.13,0.17,0.31,1.13,0.7,0.9,1.6
Seth Jones,75,CBJ,NHL,D,2016-17,22,12,30,42,6,24,11,1,0,3,152,7.9,1755,0.16,0.4,0.56,2.03,3.9,3.9,7.8
Chris Kreider,75,NYR,NHL,LW,2016-17,25,28,25,53,6,58,22,6,0,4,186,15.1,1275,0.37,0.33,0.71,2.48,5.4,1.4,6.8
Jon Marchessault,75,FLA,NHL,C,2016-17,26,30,21,51,-21,38,22,8,0,6,193,15.5,1268,0.4,0.28,0.68,2.57,5.4,0.8,6.2
Ondrej Palat,75,TBL,NHL,LW,2016-17,25,17,35,52,8,39,12,5,0,3,162,10.5,1434,0.23,0.47,0.69,2.16,3.6,2,5.6
David Pastrnak,75,BOS,NHL,RW,2016-17,20,34,36,70,11,34,24,10,0,6,262,13,1349,0.45,0.48,0.93,3.49,8.1,2.2,10.3
Roman Polak,75,TOR,NHL,D,2016-17,30,4,7,11,10,65,4,0,0,1,64,6.3,1344,0.05,0.09,0.15,0.85,0,3.2,3.2
Mikko Rantanen,75,COL,NHL,RW,2016-17,20,20,18,38,-25,22,16,4,0,2,133,15,1354,0.27,0.24,0.51,1.77,2.6,0.8,3.5
Jordan Staal,75,CAR,NHL,C,2016-17,28,16,29,45,-1,38,11,4,1,3,164,9.8,1400,0.21,0.39,0.6,2.19,2.8,1.8,4.6
Viktor Stalberg,75,TOT,NHL,LW,2016-17,31,11,5,16,-9,41,8,1,2,2,101,10.9,915,0.15,0.07,0.21,1.35,0.4,0.8,1.2
Marc-Edouard Vlasic,75,SJS,NHL,D,2016-17,29,6,22,28,4,35,5,1,0,2,144,4.2,1593,0.08,0.29,0.37,1.92,1.7,4.1,5.8
David Backes,74,BOS,NHL,RW,2016-17,32,17,21,38,2,69,15,2,0,2,175,9.7,1267,0.23,0.28,0.51,2.36,2.7,1.7,4.5
Tyson Barrie,74,COL,NHL,D,2016-17,25,7,31,38,-34,18,6,1,0,2,182,3.8,1725,0.09,0.42,0.51,2.46,2.8,1.6,4.4
Nathan Beaulieu,74,MTL,NHL,D,2016-17,24,4,24,28,8,44,2,2,0,1,118,3.4,1442,0.05,0.32,0.38,1.59,1.7,3.9,5.6
Troy Brouwer,74,CGY,NHL,RW,2016-17,31,13,12,25,-11,31,7,5,1,2,86,15.1,1200,0.18,0.16,0.34,1.16,0.7,1,1.7
Shane Doan,74,ARI,NHL,RW,2016-17,40,6,21,27,-3,48,3,3,0,0,144,4.2,1114,0.08,0.28,0.36,1.95,0.5,1.2,1.7
Ryan Getzlaf,74,ANA,NHL,C,2016-17,31,15,58,73,7,49,7,6,2,3,138,10.9,1559,0.2,0.78,0.99,1.86,5.5,2.1,7.6
Luke Glendening,74,DET,NHL,C,2016-17,27,3,11,14,-10,26,3,0,0,0,76,3.9,956,0.04,0.15,0.19,1.03,-0.8,0.8,0
Mike Hoffman,74,OTT,NHL,LW,2016-17,27,26,35,61,17,51,13,13,0,8,224,11.6,1302,0.35,0.47,0.82,3.03,6,2.2,8.3
Matt Irwin,74,NSH,NHL,D,2016-17,29,3,11,14,15,26,3,0,0,1,98,3.1,1204,0.04,0.15,0.19,1.32,0.4,3.6,4
Nikita Kucherov,74,TBL,NHL,RW,2016-17,23,40,45,85,13,38,23,17,0,7,246,16.3,1438,0.54,0.61,1.15,3.32,9.7,2.2,12
Vladislav Namestnikov,74,TBL,NHL,C,2016-17,24,10,18,28,-4,31,7,3,0,0,114,8.8,1094,0.14,0.24,0.38,1.54,1.1,1.1,2.2
David Savard,74,CBJ,NHL,D,2016-17,26,6,17,23,33,44,6,0,0,0,135,4.4,1616,0.08,0.23,0.31,1.82,1.3,5.8,7.1
Zack Smith,74,OTT,NHL,C,2016-17,28,16,16,32,6,61,11,1,4,1,137,11.7,1212,0.22,0.22,0.43,1.85,1.9,1.7,3.6
Kyle Clifford,73,LAK,NHL,LW,2016-17,26,6,6,12,-2,92,6,0,0,0,122,4.9,783,0.08,0.08,0.16,1.67,-0.2,1.1,0.9
Logan Couture,73,SJS,NHL,C,2016-17,27,25,27,52,11,12,14,11,0,3,174,14.4,1285,0.34,0.37,0.71,2.38,4.8,2.1,6.9
Jonathan Drouin,73,TBL,NHL,LW,2016-17,21,21,32,53,-13,16,12,9,0,6,183,11.5,1293,0.29,0.44,0.73,2.51,4.5,1,5.5
Niklas Hjalmarsson,73,CHI,NHL,D,2016-17,29,5,13,18,12,20,5,0,0,0,61,8.2,1569,0.07,0.18,0.25,0.84,0.6,3.8,4.4
Marian Hossa,73,CHI,NHL,RW,2016-17,38,26,19,45,7,8,20,5,1,7,167,15.6,1231,0.36,0.26,0.62,2.29,4.4,1.4,5.8
Patrik Laine,73,WPG,NHL,RW,2016-17,18,36,28,64,7,26,27,9,0,5,204,17.6,1308,0.49,0.38,0.88,2.79,7.4,1.5,8.9
Artturi Lehkonen,73,MTL,NHL,LW,2016-17,21,18,10,28,-1,8,15,2,1,3,158,11.4,1012,0.25,0.14,0.38,2.16,2.3,1.1,3.4
Esa Lindell,73,DAL,NHL,D,2016-17,22,6,12,18,8,22,6,0,0,2,99,6.1,1597,0.08,0.16,0.25,1.36,0.7,3.6,4.2
Andrew MacDonald,73,PHI,NHL,D,2016-17,30,2,16,18,-5,26,2,0,0,0,65,3.1,1468,0.03,0.22,0.25,0.89,0.4,3.3,3.7
Kyle Quincey,73,TOT,NHL,D,2016-17,31,6,9,15,4,51,6,0,0,0,79,7.6,1306,0.08,0.12,0.21,1.08,0.7,3.5,4.2
Dennis Seidenberg,73,NYI,NHL,D,2016-17,35,5,17,22,25,32,5,0,0,0,89,5.6,1418,0.07,0.23,0.3,1.22,1.3,4.5,5.8
Anton Stralman,73,TBL,NHL,D,2016-17,30,5,17,22,1,20,4,1,0,0,130,3.8,1672,0.07,0.23,0.3,1.78,0.9,3.9,4.8
Scottie Upshall,73,STL,NHL,RW,2016-17,33,10,8,18,-1,45,8,0,2,1,85,11.8,802,0.14,0.11,0.25,1.16,0.9,0.9,1.8
Yannick Weber,73,NSH,NHL,D,2016-17,28,1,7,8,1,25,1,0,0,1,72,1.4,870,0.01,0.1,0.11,0.99,-0.1,1.8,1.7
Tommy Wingels,73,TOT,NHL,C,2016-17,28,7,5,12,-11,27,7,0,0,2,81,8.6,767,0.1,0.07,0.16,1.11,-0.1,0.5,0.4
John Carlson,72,WSH,NHL,D,2016-17,27,9,28,37,7,10,6,3,0,3,180,5,1635,0.13,0.39,0.51,2.5,3,3.5,6.5
Lawson Crouse,72,ARI,NHL,LW,2016-17,19,5,7,12,-20,48,4,0,1,2,84,6,856,0.07,0.1,0.17,1.17,-0.5,0.2,-0.3
Matt Cullen,72,PIT,NHL,C,2016-17,40,13,18,31,4,30,9,2,2,2,93,14,1002,0.18,0.25,0.43,1.29,2,0.9,2.9
Mike Fisher,72,NSH,NHL,C,2016-17,36,18,24,42,1,55,11,7,0,3,120,15,1196,0.25,0.33,0.58,1.67,3.4,1.3,4.7
Johnny Gaudreau,72,CGY,NHL,LW,2016-17,23,18,43,61,-7,4,14,4,0,3,182,9.9,1331,0.25,0.6,0.85,2.53,4.8,1.3,6.1
Mike Green,72,DET,NHL,D,2016-17,31,14,22,36,-20,40,11,3,0,2,125,11.2,1696,0.19,0.31,0.5,1.74,3.4,2.4,5.8
Ron Hainsey,72,TOT,NHL,D,2016-17,35,4,13,17,-8,21,3,0,1,1,71,5.6,1586,0.06,0.18,0.24,0.99,0.3,2.8,3.2
Taylor Hall,72,NJD,NHL,LW,2016-17,25,20,33,53,-9,32,13,7,0,4,238,8.4,1392,0.28,0.46,0.74,3.31,4.3,1.7,5.9
Erik Haula,72,MIN,NHL,C,2016-17,25,15,11,26,5,28,14,1,0,4,134,11.2,995,0.21,0.15,0.36,1.86,1.8,1.1,2.8
Matt Hunwick,72,TOR,NHL,D,2016-17,31,1,18,19,8,18,1,0,0,0,73,1.4,1294,0.01,0.25,0.26,1.01,0.6,2.9,3.6
Roman Josi,72,NSH,NHL,D,2016-17,26,12,37,49,7,18,5,7,0,1,217,5.5,1805,0.17,0.51,0.68,3.01,4.6,4.1,8.7
Nikolai Kulemin,72,NYI,NHL,LW,2016-17,30,12,11,23,3,18,10,1,1,4,74,16.2,995,0.17,0.15,0.32,1.03,1.2,1.1,2.2
Gabriel Landeskog,72,COL,NHL,LW,2016-17,24,18,15,33,-25,62,12,5,1,2,169,10.7,1352,0.25,0.21,0.46,2.35,1.9,0.8,2.7
Elias Lindholm,72,CAR,NHL,C,2016-17,22,11,34,45,-2,16,8,2,1,0,151,7.3,1309,0.15,0.47,0.63,2.1,2.5,1.6,4.1
Jamie McGinn,72,ARI,NHL,LW,2016-17,28,9,8,17,-23,23,9,0,0,2,116,7.8,948,0.13,0.11,0.24,1.61,0.2,0.2,0.4
Ryan O'Reilly,72,BUF,NHL,C,2016-17,25,20,35,55,-1,10,11,8,1,3,189,10.6,1545,0.28,0.49,0.76,2.63,4,1.9,6
Marc Staal,72,NYR,NHL,D,2016-17,30,3,7,10,9,34,3,0,0,0,70,4.3,1381,0.04,0.1,0.14,0.97,-0.3,3.1,2.8
Jonathan Toews,72,CHI,NHL,C,2016-17,28,21,37,58,7,35,15,6,0,5,199,10.6,1451,0.29,0.51,0.81,2.76,4.7,1.6,6.3
Antoine Vermette,72,ANA,NHL,C,2016-17,34,9,19,28,-7,42,4,5,0,1,88,10.2,1145,0.13,0.26,0.39,1.22,0.9,1.1,2
Daniel Winnik,72,WSH,NHL,LW,2016-17,31,12,13,25,15,49,10,0,2,3,82,14.6,930,0.17,0.18,0.35,1.14,1.4,1.5,3
Jordie Benn,71,TOT,NHL,D,2016-17,29,4,13,17,-4,28,4,0,0,1,68,5.9,1298,0.06,0.18,0.24,0.96,0.7,2.1,2.8
Ryan Ellis,71,NSH,NHL,D,2016-17,26,16,22,38,17,29,11,4,1,3,140,11.4,1701,0.23,0.31,0.54,1.97,4,4.7,8.7
Martin Hanzal,71,TOT,NHL,C,2016-17,29,20,19,39,-17,53,15,5,0,2,169,11.8,1258,0.28,0.27,0.55,2.38,3,0.7,3.7
Ben Hutton,71,VAN,NHL,D,2016-17,23,5,14,19,-22,31,3,2,0,1,130,3.8,1455,0.07,0.2,0.27,1.83,0.9,2,2.9
Chris Kunitz,71,PIT,NHL,LW,2016-17,37,9,20,29,0,36,9,0,0,3,134,6.7,1101,0.13,0.28,0.41,1.89,1.1,0.8,1.9
Rickard Rakell,71,ANA,NHL,C,2016-17,23,33,18,51,10,12,28,5,0,10,177,18.6,1234,0.46,0.25,0.72,2.49,6,1.9,7.8
Marco Scandella,71,MIN,NHL,D,2016-17,26,4,9,13,-2,25,4,0,0,0,88,4.5,1302,0.06,0.13,0.18,1.24,0.3,2,2.3
Troy Stecher,71,VAN,NHL,D,2016-17,22,3,21,24,-16,25,2,1,0,0,125,2.4,1419,0.04,0.3,0.34,1.76,1.3,2.4,3.7
Mark Stone,71,OTT,NHL,RW,2016-17,24,22,32,54,12,25,16,6,0,5,134,16.4,1318,0.31,0.45,0.76,1.89,4.8,2.1,6.8
Sami Vatanen,71,ANA,NHL,D,2016-17,25,3,21,24,3,30,1,2,0,0,117,2.6,1538,0.04,0.3,0.34,1.65,1.1,3.8,4.9
Mark Borowiecki,70,OTT,NHL,D,2016-17,27,1,2,3,-3,154,1,0,0,0,50,2,981,0.01,0.03,0.04,0.71,-0.8,2,1.3
Nic Dowd,70,LAK,NHL,C,2016-17,26,6,16,22,-15,25,5,1,0,2,78,7.7,872,0.09,0.23,0.31,1.11,0.6,0.7,1.3
Brian Dumoulin,70,PIT,NHL,D,2016-17,25,1,14,15,0,14,1,0,0,0,78,1.3,1438,0.01,0.2,0.21,1.11,0,1.8,1.7
Jason Garrison,70,TBL,NHL,D,2016-17,32,1,8,9,-8,14,1,0,0,0,96,1,1300,0.01,0.11,0.13,1.37,-0.5,2.3,1.8
Patric Hornqvist,70,PIT,NHL,RW,2016-17,30,21,23,44,16,28,11,10,0,6,223,9.4,1117,0.3,0.33,0.63,3.19,4,1.4,5.5
Evander Kane,70,BUF,NHL,LW,2016-17,25,28,15,43,-17,113,25,3,0,5,260,10.8,1344,0.4,0.21,0.61,3.71,4.2,1,5.1
Travis Konecny,70,PHI,NHL,C,2016-17,19,11,17,28,-2,49,8,3,0,0,133,8.3,986,0.16,0.24,0.4,1.9,1.6,1.2,2.7
Marcus Kruger,70,CHI,NHL,C,2016-17,26,5,12,17,7,34,5,0,0,0,83,6,981,0.07,0.17,0.24,1.19,-0.3,1.2,0.9
James Neal,70,NSH,NHL,RW,2016-17,29,23,18,41,-10,35,18,5,0,5,202,11.4,1239,0.33,0.26,0.59,2.89,3.8,0.9,4.6
Nick Shore,70,LAK,NHL,C,2016-17,24,6,11,17,-2,20,5,0,1,1,79,7.6,895,0.09,0.16,0.24,1.13,0,1.3,1.3
Colin Wilson,70,NSH,NHL,LW,2016-17,27,12,23,35,7,18,6,6,0,0,113,10.6,1047,0.17,0.33,0.5,1.61,2.4,1.4,3.8
Pavel Zacha,70,NJD,NHL,C,2016-17,19,8,16,24,-17,19,3,5,0,2,83,9.6,1002,0.11,0.23,0.34,1.19,0.8,0.8,1.5
Kyle Brodziak,69,STL,NHL,C,2016-17,32,8,7,15,2,27,8,0,0,2,55,14.5,773,0.12,0.1,0.22,0.8,0.4,1,1.4
Adam Cracknell,69,DAL,NHL,RW,2016-17,31,10,6,16,9,12,9,0,1,2,87,11.5,722,0.14,0.09,0.23,1.26,0.9,1.1,1.9
Joel Edmundson,69,STL,NHL,D,2016-17,23,3,12,15,11,60,3,0,0,1,81,3.7,1226,0.04,0.17,0.22,1.17,0.5,3.7,4.2
Markus Granlund,69,VAN,NHL,C,2016-17,23,19,13,32,-19,14,16,3,0,3,122,15.6,1194,0.28,0.19,0.46,1.77,2.4,0.8,3.2
Jussi Jokinen,69,FLA,NHL,LW,2016-17,33,11,17,28,-15,39,6,4,1,2,118,9.3,1201,0.16,0.25,0.41,1.71,1,1,1.9
Lauri Korpikoski,69,TOT,NHL,LW,2016-17,30,8,12,20,5,10,8,0,0,0,108,7.4,856,0.12,0.17,0.29,1.57,0.7,1,1.8
Zach Parise,69,MIN,NHL,LW,2016-17,32,19,23,42,-3,30,13,6,0,4,194,9.8,1203,0.28,0.33,0.61,2.81,3.4,0.9,4.3
Ryan Strome,69,NYI,NHL,RW,2016-17,23,13,17,30,-8,40,11,2,0,2,114,11.4,1008,0.19,0.25,0.43,1.65,2,0.6,2.6
Fedor Tyutin,69,COL,NHL,D,2016-17,33,1,12,13,-25,38,1,0,0,0,46,2.2,1307,0.01,0.17,0.19,0.67,-0.1,1.3,1.2
Kris Versteeg,69,CGY,NHL,RW,2016-17,30,15,22,37,-3,46,7,8,0,1,136,11,1016,0.22,0.32,0.54,1.97,2.8,1.1,3.9
Sven Baertschi,68,VAN,NHL,LW,2016-17,24,18,17,35,-6,8,16,2,0,5,114,15.8,1080,0.26,0.25,0.51,1.68,2.9,1.2,4.1
Jonas Brodin,68,MIN,NHL,D,2016-17,23,3,22,25,5,20,1,2,0,2,85,3.5,1331,0.04,0.32,0.37,1.25,1.4,2.7,4.1
Michael Chaput,68,VAN,NHL,C,2016-17,24,4,5,9,-12,29,4,0,0,0,64,6.3,750,0.06,0.07,0.13,0.94,-0.6,0.5,-0.1
Jakob Chychrun,68,ARI,NHL,D,2016-17,18,7,13,20,-14,47,6,1,0,0,86,8.1,1133,0.1,0.19,0.29,1.26,1.6,1.4,3
Alexander Edler,68,VAN,NHL,D,2016-17,30,6,15,21,-20,36,4,2,0,0,138,4.3,1653,0.09,0.22,0.31,2.03,1,2.7,3.6
Aaron Ekblad,68,FLA,NHL,D,2016-17,20,10,11,21,-23,58,5,4,1,2,225,4.4,1459,0.15,0.16,0.31,3.31,1.6,1.7,3.4
Jesper Fast,68,NYR,NHL,RW,2016-17,25,6,15,21,6,16,6,0,0,1,56,10.7,938,0.09,0.22,0.31,0.82,0.4,1.1,1.5
Cody Franson,68,BUF,NHL,D,2016-17,29,3,16,19,-5,34,2,1,0,0,93,3.2,1257,0.04,0.24,0.28,1.37,0.9,2.7,3.6
Marc Methot,68,OTT,NHL,D,2016-17,31,0,12,12,13,24,0,0,0,0,69,0,1348,0,0.18,0.18,1.01,-0.4,4.2,3.9
T.J. Oshie,68,WSH,NHL,RW,2016-17,30,33,23,56,28,36,25,7,1,4,143,23.1,1214,0.49,0.34,0.82,2.1,6.4,2.3,8.7
Brayden Point,68,TBL,NHL,C,2016-17,20,18,22,40,4,14,13,5,0,2,122,14.8,1165,0.26,0.32,0.59,1.79,3.1,1.5,4.7
Dennis Rasmussen,68,CHI,NHL,C,2016-17,26,4,4,8,-4,12,4,0,0,0,77,5.2,804,0.06,0.06,0.12,1.13,-0.9,0.6,-0.4
Kris Russell,68,EDM,NHL,D,2016-17,29,1,12,13,5,23,1,0,0,1,68,1.5,1443,0.01,0.18,0.19,1,-0.2,3.3,3.1
Andrew Shaw,68,MTL,NHL,C,2016-17,25,12,17,29,4,110,11,1,0,1,127,9.4,1034,0.18,0.25,0.43,1.87,1.6,1.3,3
Jason Spezza,68,DAL,NHL,C,2016-17,33,15,35,50,-18,29,12,2,1,4,149,10.1,1100,0.22,0.51,0.74,2.19,4.1,0.3,4.5
Mark Streit,68,TOT,NHL,D,2016-17,39,6,21,27,-12,28,5,1,0,2,114,5.3,1275,0.09,0.31,0.4,1.68,2.1,1.8,3.9
Thomas Vanek,68,TOT,NHL,LW,2016-17,33,17,31,48,-5,22,12,5,0,2,133,12.8,979,0.25,0.46,0.71,1.96,4.5,1.1,5.5
Connor Carrick,67,TOR,NHL,D,2016-17,22,2,6,8,8,51,1,1,0,0,89,2.2,1095,0.03,0.09,0.12,1.33,-0.2,2.6,2.3
Radko Gudas,67,PHI,NHL,D,2016-17,26,6,17,23,8,93,6,0,0,0,113,5.3,1293,0.09,0.25,0.34,1.69,1.6,3.9,5.5
Melker Karlsson,67,SJS,NHL,C,2016-17,26,11,11,22,7,22,9,0,2,1,73,15.1,858,0.16,0.16,0.33,1.09,1.2,1.4,2.6
Rick Nash,67,NYR,NHL,RW,2016-17,32,23,15,38,9,26,16,6,1,3,195,11.8,1103,0.34,0.22,0.57,2.91,3.7,1.4,5
P.A. Parenteau,67,TOT,NHL,RW,2016-17,33,13,15,28,-18,35,9,4,0,2,123,10.6,985,0.19,0.22,0.42,1.84,1.8,0.6,2.5
Benoit Pouliot,67,EDM,NHL,LW,2016-17,30,8,6,14,-5,34,8,0,0,1,77,10.4,942,0.12,0.09,0.21,1.15,-0.2,0.8,0.6
Derek Ryan,67,CAR,NHL,C,2016-17,30,11,18,29,-8,22,6,4,1,3,73,15.1,998,0.16,0.27,0.43,1.09,1.6,1,2.6
Anthony Beauvillier,66,NYI,NHL,LW,2016-17,19,9,15,24,1,10,9,0,0,2,101,8.9,859,0.14,0.23,0.36,1.53,1.3,0.8,2.2
Johnny Boychuk,66,NYI,NHL,D,2016-17,33,6,17,23,11,19,4,1,1,2,155,3.9,1368,0.09,0.26,0.35,2.35,1.6,3.2,4.8
Cal Clutterbuck,66,NYI,NHL,RW,2016-17,29,5,15,20,2,28,5,0,0,1,115,4.3,924,0.08,0.23,0.3,1.74,0.2,0.9,1.2
Brett Connolly,66,WSH,NHL,RW,2016-17,24,15,8,23,20,40,14,1,0,3,81,18.5,706,0.23,0.12,0.35,1.23,2.2,1.5,3.7
Sean Couturier,66,PHI,NHL,C,2016-17,24,14,20,34,12,33,14,0,0,2,120,11.7,1217,0.21,0.3,0.52,1.82,1.9,2,3.9
Josh Gorges,66,BUF,NHL,D,2016-17,32,1,5,6,-3,50,1,0,0,0,40,2.5,1218,0.02,0.08,0.09,0.61,-0.7,2.8,2.1
Andy Greene,66,NJD,NHL,D,2016-17,34,4,9,13,-16,8,2,1,1,1,83,4.8,1448,0.06,0.14,0.2,1.26,0.1,2.4,2.5
Tyler Johnson,66,TBL,NHL,C,2016-17,26,19,26,45,-5,28,13,6,0,3,130,14.6,1242,0.29,0.39,0.68,1.97,3.6,1.3,4.8
Hampus Lindholm,66,ANA,NHL,D,2016-17,23,6,14,20,13,36,5,1,0,2,94,6.4,1482,0.09,0.21,0.3,1.42,1.1,4.5,5.6
Markus Nutivaara,66,CBJ,NHL,D,2016-17,22,2,5,7,7,6,2,0,0,0,66,3,872,0.03,0.08,0.11,1,-0.1,2.3,2.2
Xavier Ouellet,66,DET,NHL,D,2016-17,23,3,9,12,2,51,3,0,0,0,89,3.4,1186,0.05,0.14,0.18,1.35,0.2,3,3.2
Paul Stastny,66,STL,NHL,C,2016-17,31,18,22,40,4,36,13,5,0,5,112,16.1,1263,0.27,0.33,0.61,1.7,2.9,1.7,4.5
P.K. Subban,66,NSH,NHL,D,2016-17,27,10,30,40,-8,44,7,3,0,2,142,7,1611,0.15,0.45,0.61,2.15,3.6,2.4,6.1
Nikita Tryamkin,66,VAN,NHL,D,2016-17,22,2,7,9,-7,64,2,0,0,0,65,3.1,1105,0.03,0.11,0.14,0.98,-0.1,2.3,2.2
Beau Bennett,65,NJD,NHL,RW,2016-17,25,8,11,19,-3,20,7,1,0,1,101,7.9,881,0.12,0.17,0.29,1.55,0.6,1.2,1.7
Rene Bourque,65,COL,NHL,RW,2016-17,35,12,6,18,-19,56,10,2,0,2,111,10.8,906,0.18,0.09,0.28,1.71,0.8,0.5,1.2
Matt Calvert,65,CBJ,NHL,LW,2016-17,27,10,5,15,-4,48,7,0,3,1,92,10.9,868,0.15,0.08,0.23,1.42,0.4,0.7,1.1
Loui Eriksson,65,VAN,NHL,LW,2016-17,31,11,13,24,-9,8,6,5,0,1,132,8.3,1214,0.17,0.2,0.37,2.03,0.5,1.2,1.8
Oscar Lindberg,65,NYR,NHL,C,2016-17,25,8,12,20,2,32,8,0,0,1,86,9.3,704,0.12,0.18,0.31,1.32,1.1,0.7,1.8
Brandon Manning,65,PHI,NHL,D,2016-17,26,3,9,12,-12,83,2,0,1,1,84,3.6,1174,0.05,0.14,0.18,1.29,0.2,1.9,2.1
Jay McClement,65,CAR,NHL,C,2016-17,33,5,3,8,-8,18,4,0,1,1,37,13.5,740,0.08,0.05,0.12,0.57,-0.6,0.6,0
John Mitchell,65,COL,NHL,C,2016-17,32,3,4,7,-12,45,3,0,0,1,57,5.3,816,0.05,0.06,0.11,0.88,-1.2,0.6,-0.6
Kyle Okposo,65,BUF,NHL,RW,2016-17,28,19,26,45,-7,24,12,7,0,2,156,12.2,1233,0.29,0.4,0.69,2.4,3.7,1.3,5
Mathieu Perreault,65,WPG,NHL,C,2016-17,29,13,32,45,-11,30,10,3,0,3,134,9.7,1059,0.2,0.49,0.69,2.06,3.5,0.5,4
Paul Postma,65,WPG,NHL,D,2016-17,27,1,13,14,3,15,1,0,0,0,50,2,706,0.02,0.2,0.22,0.77,0.8,1.3,2.1
Ryan White,65,TOT,NHL,C,2016-17,28,9,7,16,-16,84,9,0,0,1,60,15,693,0.14,0.11,0.25,0.92,0.8,0.1,0.9
Justin Abdelkader,64,DET,NHL,LW,2016-17,29,7,14,21,-20,50,2,5,0,1,104,6.7,1066,0.11,0.22,0.33,1.63,0.1,0.5,0.7
Artem Anisimov,64,CHI,NHL,C,2016-17,28,22,23,45,9,30,18,4,0,7,105,21,1142,0.34,0.36,0.7,1.64,4.2,1.4,5.6
Andreas Athanasiou,64,DET,NHL,C,2016-17,22,18,11,29,-7,28,17,1,0,3,120,15,862,0.28,0.17,0.45,1.88,2.8,0.8,3.6
J.T. Brown,64,TBL,NHL,RW,2016-17,26,3,3,6,-7,73,2,0,1,1,67,4.5,664,0.05,0.05,0.09,1.05,-0.9,0.5,-0.4
Andre Burakovsky,64,WSH,NHL,LW,2016-17,21,12,23,35,13,14,10,2,0,1,111,10.8,849,0.19,0.36,0.55,1.73,2.8,1.4,4.1
Andrew Copp,64,WPG,NHL,C,2016-17,22,9,8,17,8,18,8,0,1,1,77,11.7,790,0.14,0.13,0.27,1.2,0.7,1.1,1.7
Brendan Gallagher,64,MTL,NHL,RW,2016-17,24,10,19,29,7,39,9,1,0,2,187,5.3,966,0.16,0.3,0.45,2.92,1.6,1.4,3
Jori Lehtera,64,STL,NHL,C,2016-17,29,7,15,22,-6,34,7,0,0,1,67,10.4,971,0.11,0.23,0.34,1.05,0.5,0.9,1.4
Andreas Martinsen,64,TOT,NHL,LW,2016-17,26,3,4,7,-14,32,3,0,0,0,73,4.1,637,0.05,0.06,0.11,1.14,-0.7,0.3,-0.4
Michael Stone,64,TOT,NHL,D,2016-17,26,3,12,15,0,32,2,1,0,0,81,3.7,1268,0.05,0.19,0.23,1.27,0.4,2.9,3.3
Chris Thorburn,64,WPG,NHL,RW,2016-17,33,3,1,4,-7,95,2,0,1,0,36,8.3,446,0.05,0.02,0.06,0.56,-0.5,0.1,-0.4
Dale Weise,64,PHI,NHL,RW,2016-17,28,8,7,15,1,39,7,1,0,2,94,8.5,824,0.13,0.11,0.23,1.47,0.2,1.1,1.3
Dan Girardi,63,NYR,NHL,D,2016-17,32,4,11,15,8,16,3,0,1,3,56,7.1,1203,0.06,0.17,0.24,0.89,0.6,2.7,3.3
John Moore,63,NJD,NHL,D,2016-17,26,12,10,22,-7,39,11,1,0,1,102,11.8,1196,0.19,0.16,0.35,1.62,2.3,2.5,4.8
Matt Read,63,PHI,NHL,RW,2016-17,30,10,9,19,3,8,7,2,1,2,92,10.9,869,0.16,0.14,0.3,1.46,0.8,1.2,2
Tyler Toffoli,63,LAK,NHL,C,2016-17,24,16,18,34,6,22,12,4,0,2,165,9.7,1045,0.25,0.29,0.54,2.62,2.6,1.8,4.4
Matt Benning,62,EDM,NHL,D,2016-17,22,3,12,15,8,29,2,1,0,0,69,4.3,1030,0.05,0.19,0.24,1.11,0.7,2.7,3.5
Joe Colborne,62,COL,NHL,C,2016-17,27,4,4,8,-21,34,2,2,0,0,48,8.3,663,0.06,0.06,0.13,0.77,-0.5,0,-0.5
Evgeni Malkin,62,PIT,NHL,C,2016-17,30,33,39,72,18,77,22,11,0,6,191,17.3,1154,0.53,0.63,1.16,3.08,8.4,1.6,9.9
Andrei Markov,62,MTL,NHL,D,2016-17,38,6,30,36,18,16,5,1,0,1,98,6.1,1354,0.1,0.48,0.58,1.58,3,4.5,7.5
Bobby Ryan,62,OTT,NHL,RW,2016-17,29,13,12,25,-3,24,11,2,0,0,111,11.7,963,0.21,0.19,0.4,1.79,1.5,1,2.5
David Schlemko,62,SJS,NHL,D,2016-17,29,2,16,18,4,14,1,1,0,1,118,1.7,1038,0.03,0.26,0.29,1.9,0.9,2.8,3.7
Lukas Sedlak,62,CBJ,NHL,LW,2016-17,23,7,6,13,10,25,6,0,1,0,57,12.3,603,0.11,0.1,0.21,0.92,0.6,1,1.6
Aleksander Barkov,61,FLA,NHL,C,2016-17,21,21,31,52,13,10,18,3,0,5,142,14.8,1184,0.34,0.51,0.85,2.33,4.8,2.1,6.9
Lance Bouma,61,CGY,NHL,C,2016-17,26,3,4,7,-2,35,3,0,0,1,53,5.7,692,0.05,0.07,0.11,0.87,-0.9,0.8,-0.1
Mike Cammalleri,61,NJD,NHL,LW,2016-17,34,10,21,31,-9,21,9,1,0,3,142,7,1059,0.16,0.34,0.51,2.33,1.6,1.2,2.8
Joonas Donskoi,61,SJS,NHL,RW,2016-17,24,6,11,17,-5,10,5,1,0,0,95,6.3,842,0.1,0.18,0.28,1.56,0.1,0.8,1
Jack Eichel,61,BUF,NHL,C,2016-17,20,24,33,57,-13,22,14,10,0,4,249,9.6,1215,0.39,0.54,0.93,4.08,5.6,1,6.6
Alex Galchenyuk,61,MTL,NHL,C,2016-17,22,17,27,44,-5,24,11,6,0,6,104,16.3,972,0.28,0.44,0.72,1.7,4,0.9,4.9
Carl Hagelin,61,PIT,NHL,LW,2016-17,28,6,16,22,10,16,6,0,0,2,128,4.7,945,0.1,0.26,0.36,2.1,0.4,1.1,1.5
Stephen Johns,61,DAL,NHL,D,2016-17,24,4,6,10,-10,36,4,0,0,1,91,4.4,1114,0.07,0.1,0.16,1.49,0.2,1.2,1.3
Colin Miller,61,BOS,NHL,D,2016-17,24,6,7,13,0,55,5,1,0,0,85,7.1,965,0.1,0.11,0.21,1.39,1,2.3,3.3
Alan Quine,61,NYI,NHL,C,2016-17,23,5,13,18,-2,8,3,2,0,1,82,6.1,764,0.08,0.21,0.3,1.34,0.5,0.6,1.1
Nick Schmaltz,61,CHI,NHL,LW,2016-17,20,6,22,28,10,6,6,0,0,0,66,9.1,809,0.1,0.36,0.46,1.08,1.5,1.2,2.7
Conor Sheary,61,PIT,NHL,LW,2016-17,24,23,30,53,24,22,21,2,0,6,154,14.9,972,0.38,0.49,0.87,2.52,5.7,1.7,7.3
Mark Barberio,60,TOT,NHL,D,2016-17,26,2,11,13,-5,14,1,1,0,0,80,2.5,1096,0.03,0.18,0.22,1.33,0.3,2.3,2.6
Drake Caggiula,60,EDM,NHL,LW,2016-17,22,7,11,18,3,16,5,2,0,2,93,7.5,794,0.12,0.18,0.3,1.55,0.6,1,1.6
Nick Cousins,60,PHI,NHL,C,2016-17,23,6,10,16,-6,31,5,1,0,0,99,6.1,720,0.1,0.17,0.27,1.65,0.4,0.7,1.1
Cody Eakin,60,DAL,NHL,C,2016-17,25,3,9,12,-7,49,3,0,0,1,82,3.7,1009,0.05,0.15,0.2,1.37,-1.2,0.7,-0.5
Toby Enstrom,60,WPG,NHL,D,2016-17,32,1,13,14,-7,42,0,0,1,0,46,2.2,1314,0.02,0.22,0.23,0.77,0,1.3,1.3
Kevin Klein,60,NYR,NHL,D,2016-17,32,3,11,14,5,31,3,0,0,0,54,5.6,1058,0.05,0.18,0.23,0.9,0.6,2.2,2.8
Anthony Mantha,60,DET,NHL,RW,2016-17,22,17,19,36,10,53,16,1,0,3,133,12.8,954,0.28,0.32,0.6,2.22,3.2,1.7,4.9
Ryan Murray,60,CBJ,NHL,D,2016-17,23,2,9,11,3,24,2,0,0,0,52,3.8,1100,0.03,0.15,0.18,0.87,0.1,2.4,2.4
Brandon Pirri,60,NYR,NHL,RW,2016-17,25,8,10,18,-8,25,3,5,0,3,96,8.3,737,0.13,0.17,0.3,1.6,0.8,0.3,1.1
Antoine Roussel,60,DAL,NHL,LW,2016-17,27,12,15,27,1,115,12,0,0,3,82,14.6,931,0.2,0.25,0.45,1.37,1.7,1,2.7
Nate Schmidt,60,WSH,NHL,D,2016-17,25,3,14,17,22,16,3,0,0,0,60,5,929,0.05,0.23,0.28,1,1,3.5,4.5
Jacob Trouba,60,WPG,NHL,D,2016-17,22,8,25,33,4,54,6,2,0,1,154,5.2,1498,0.13,0.42,0.55,2.57,2.7,2.5,5.2
Miles Wood,60,NJD,NHL,LW,2016-17,21,8,9,17,-21,86,6,2,0,0,105,7.6,771,0.13,0.15,0.28,1.75,0.6,0.3,0.9
Ben Chiarot,59,WPG,NHL,D,2016-17,25,2,10,12,2,33,2,0,0,0,49,4.1,904,0.03,0.17,0.2,0.83,0.4,1.5,1.9
Casey Cizikas,59,NYI,NHL,C,2016-17,25,8,17,25,9,30,8,0,0,1,82,9.8,821,0.14,0.29,0.42,1.39,1.4,1.1,2.6
Joseph Cramarossa,59,TOT,NHL,LW,2016-17,24,4,6,10,0,60,4,0,0,1,36,11.1,587,0.07,0.1,0.17,0.61,-0.1,0.7,0.6
Max Domi,59,ARI,NHL,LW,2016-17,21,9,29,38,-9,40,8,1,0,1,108,8.3,1002,0.15,0.49,0.64,1.83,2.4,0.8,3.2
Vernon Fiddler,59,TOT,NHL,LW,2016-17,36,2,2,4,-15,66,1,0,1,0,48,4.2,687,0.03,0.03,0.07,0.81,-1.3,0.3,-1
Bryan Little,59,WPG,NHL,C,2016-17,29,21,26,47,-7,18,15,6,0,3,119,17.6,1036,0.36,0.44,0.8,2.02,4.6,0.6,5.3
Cody McLeod,59,TOT,NHL,LW,2016-17,32,5,1,6,-3,145,5,0,0,0,30,16.7,423,0.08,0.02,0.1,0.51,0,0.4,0.4
Matthew Nieto,59,TOT,NHL,LW,2016-17,24,7,6,13,-12,8,7,0,0,1,85,8.2,881,0.12,0.1,0.22,1.44,-0.3,0.7,0.4
Tim Schaller,59,BOS,NHL,C,2016-17,26,7,7,14,-6,23,7,0,0,2,89,7.9,724,0.12,0.12,0.24,1.51,0.4,0.7,1.1
Anthony Duclair,58,ARI,NHL,LW,2016-17,21,5,10,15,-7,14,5,0,0,1,76,6.6,771,0.09,0.17,0.26,1.31,0,0.6,0.7
Micheal Haley,58,SJS,NHL,C,2016-17,30,2,10,12,6,128,2,0,0,1,37,5.4,532,0.03,0.17,0.21,0.64,0,0.9,1
Jimmy Hayes,58,BOS,NHL,RW,2016-17,27,2,3,5,-3,29,2,0,0,1,74,2.7,535,0.03,0.05,0.09,1.28,-0.7,0.6,-0.1
Jayson Megna,58,VAN,NHL,C,2016-17,26,4,4,8,-4,6,4,0,0,0,72,5.6,721,0.07,0.07,0.14,1.24,-0.7,0.8,0.1
Kevan Miller,58,BOS,NHL,D,2016-17,29,3,10,13,1,50,3,0,0,1,49,6.1,1032,0.05,0.17,0.22,0.84,0.5,2.5,3.1
Cedric Paquette,58,TBL,NHL,C,2016-17,23,4,6,10,-6,80,4,0,0,0,68,5.9,668,0.07,0.1,0.17,1.17,-0.3,0.5,0.2
Colton Sissons,58,NSH,NHL,C,2016-17,23,8,2,10,11,12,7,0,1,1,42,19,645,0.14,0.03,0.17,0.72,0.2,1.1,1.4
Drew Stafford,58,TOT,NHL,RW,2016-17,31,8,13,21,6,24,5,3,0,3,109,7.3,789,0.14,0.22,0.36,1.88,1,1.1,2.1
Trevor van Riemsdyk,58,CHI,NHL,D,2016-17,25,5,11,16,17,29,5,0,0,2,73,6.8,1068,0.09,0.19,0.28,1.26,1,3.3,4.3
Joel Armia,57,WPG,NHL,RW,2016-17,23,10,9,19,-8,20,6,0,4,1,111,9,863,0.18,0.16,0.33,1.95,0.8,0.4,1.2
Brendan Gaunce,57,VAN,NHL,LW,2016-17,22,0,5,5,-2,33,0,0,0,0,51,0,541,0,0.09,0.09,0.89,-1,0.6,-0.3
Niklas Kronwall,57,DET,NHL,D,2016-17,36,2,11,13,-7,32,2,0,0,0,67,3,1109,0.04,0.19,0.23,1.18,0.3,2.1,2.3
Tom Kuhnhackl,57,PIT,NHL,RW,2016-17,25,4,12,16,8,18,3,0,1,0,49,8.2,607,0.07,0.21,0.28,0.86,0.5,0.8,1.3
Brock McGinn,57,CAR,NHL,LW,2016-17,22,7,9,16,-11,6,7,0,0,1,74,9.5,684,0.12,0.16,0.28,1.3,0.6,0.4,1.1
Brendan Perlini,57,ARI,NHL,LW,2016-17,20,14,7,21,-4,20,11,3,0,2,92,15.2,846,0.25,0.12,0.37,1.61,1.5,0.8,2.3
Bryan Rust,57,PIT,NHL,RW,2016-17,24,15,13,28,4,8,15,0,0,1,110,13.6,777,0.26,0.23,0.49,1.93,2.6,0.7,3.3
Dennis Wideman,57,CGY,NHL,D,2016-17,33,5,13,18,-6,32,3,2,0,1,87,5.7,1153,0.09,0.23,0.32,1.53,1,2.2,3.2
Patrick Wiercioch,57,COL,NHL,D,2016-17,26,4,8,12,-18,23,4,0,0,0,63,6.3,950,0.07,0.14,0.21,1.11,0.6,0.9,1.5
Zach Bogosian,56,BUF,NHL,D,2016-17,26,2,9,11,-17,46,2,0,0,1,73,2.7,1125,0.04,0.16,0.2,1.3,0,1.4,1.4
Trevor Daley,56,PIT,NHL,D,2016-17,33,5,14,19,7,37,4,1,0,0,84,6,1141,0.09,0.25,0.34,1.5,1.2,2,3.2
Marian Gaborik,56,LAK,NHL,RW,2016-17,34,10,11,21,-4,18,7,3,0,3,123,8.1,828,0.18,0.2,0.38,2.2,1.1,1.1,2.2
Carl Gunnarsson,56,STL,NHL,D,2016-17,30,0,6,6,-5,4,0,0,0,0,32,0,761,0,0.11,0.11,0.57,-0.3,1.3,1
Nikita Soshnikov,56,TOR,NHL,RW,2016-17,23,5,4,9,1,16,5,0,0,0,70,7.1,608,0.09,0.07,0.16,1.25,-0.1,0.6,0.5
Nikita Zadorov,56,COL,NHL,D,2016-17,21,0,10,10,-20,73,0,0,0,0,61,0,1066,0,0.18,0.18,1.09,-0.2,1.1,0.8
Mika Zibanejad,56,NYR,NHL,C,2016-17,23,14,23,37,9,16,10,4,0,2,119,11.8,956,0.25,0.41,0.66,2.13,3,1.2,4.2
Kevin Labanc,55,SJS,NHL,RW,2016-17,21,8,12,20,9,22,8,0,0,2,70,11.4,752,0.15,0.22,0.36,1.27,1,1.3,2.3
Olli Maatta,55,PIT,NHL,D,2016-17,22,1,6,7,17,12,1,0,0,0,66,1.5,994,0.02,0.11,0.13,1.2,-0.4,2.6,2.3
Drew Miller,55,DET,NHL,LW,2016-17,32,5,2,7,-12,18,5,0,0,1,43,11.6,565,0.09,0.04,0.13,0.78,-0.3,0.2,0
Logan Shaw,55,ANA,NHL,RW,2016-17,25,3,7,10,3,10,2,0,1,1,59,5.1,534,0.05,0.13,0.18,1.07,0,0.8,0.7
Jack Skille,55,VAN,NHL,RW,2016-17,29,5,4,9,0,12,5,0,0,0,73,6.8,484,0.09,0.07,0.16,1.33,0.2,0.6,0.9
Nick Bjugstad,54,FLA,NHL,C,2016-17,24,7,7,14,-19,22,6,1,0,1,91,7.7,710,0.13,0.13,0.26,1.69,0.3,0.1,0.5
Kevin Fiala,54,NSH,NHL,LW,2016-17,20,11,5,16,1,18,11,0,0,1,114,9.6,730,0.2,0.09,0.3,2.11,1,0.8,1.8
Josh Jooris,54,TOT,NHL,RW,2016-17,26,4,8,12,-2,16,4,0,0,0,75,5.3,659,0.07,0.15,0.22,1.39,-0.1,0.7,0.6
Nic Petan,54,WPG,NHL,LW,2016-17,21,1,12,13,-13,12,1,0,0,0,57,1.8,589,0.02,0.22,0.24,1.06,-0.1,0,-0.1
Eric Fehr,53,TOT,NHL,C,2016-17,31,6,5,11,2,14,6,0,0,3,62,9.7,579,0.11,0.09,0.21,1.17,0.2,0.5,0.7
Ondrej Kase,53,ANA,NHL,RW,2016-17,21,5,10,15,-1,18,5,0,0,2,77,6.5,625,0.09,0.19,0.28,1.45,0.5,0.7,1.2
Curtis McKenzie,53,DAL,NHL,LW,2016-17,25,6,10,16,5,72,6,0,0,3,66,9.1,575,0.11,0.19,0.3,1.25,0.8,0.8,1.6
Chris Neil,53,OTT,NHL,RW,2016-17,37,1,3,4,-11,63,1,0,0,0,42,2.4,401,0.02,0.06,0.08,0.79,-0.6,0,-0.6
Steve Ott,53,TOT,NHL,C,2016-17,34,3,4,7,-8,80,3,0,0,0,45,6.7,570,0.06,0.08,0.13,0.85,-0.5,0.4,-0.1
Devante Smith-Pelly,53,NJD,NHL,RW,2016-17,24,4,5,9,-19,12,4,0,0,0,76,5.3,716,0.08,0.09,0.17,1.43,-0.6,0.3,-0.3
Chris Tanev,53,VAN,NHL,D,2016-17,27,2,8,10,3,14,2,0,0,1,39,5.1,1078,0.04,0.15,0.19,0.74,0,3.1,3.1
Justin Falk,52,BUF,NHL,D,2016-17,28,0,8,8,-3,29,0,0,0,0,33,0,712,0,0.15,0.15,0.63,0,1.5,1.5
Tyler Graovac,52,MIN,NHL,C,2016-17,23,7,2,9,7,10,7,0,0,2,48,14.6,512,0.13,0.04,0.17,0.92,0.3,0.7,1.1
Johnny Oduya,52,TOT,NHL,D,2016-17,35,2,7,9,-4,18,2,0,0,0,37,5.4,950,0.04,0.13,0.17,0.71,0,1.4,1.4
Michael Raffl,52,PHI,NHL,LW,2016-17,28,8,3,11,-7,20,8,0,0,3,63,12.7,690,0.15,0.06,0.21,1.21,0.2,0.6,0.7
Jared Boll,51,ANA,NHL,RW,2016-17,30,0,3,3,-3,87,0,0,0,0,13,0,297,0,0.06,0.06,0.25,-0.5,0.2,-0.3
Michael Del Zotto,51,PHI,NHL,D,2016-17,26,6,12,18,-5,28,6,0,0,0,92,6.5,995,0.12,0.24,0.35,1.8,1.4,2.1,3.5
Tyler Ennis,51,BUF,NHL,LW,2016-17,27,5,8,13,-10,12,5,0,0,1,89,5.6,655,0.1,0.16,0.25,1.75,0.2,0.4,0.6
Jonathan Ericsson,51,DET,NHL,D,2016-17,32,1,8,9,-2,63,1,0,0,0,43,2.3,980,0.02,0.16,0.18,0.84,-0.1,2.2,2.1
Robby Fabbri,51,STL,NHL,C,2016-17,21,11,18,29,-16,27,7,4,0,0,91,12.1,796,0.22,0.35,0.57,1.78,2.2,0.3,2.5
Brian Flynn,51,MTL,NHL,C,2016-17,28,6,4,10,2,4,6,0,0,0,47,12.8,615,0.12,0.08,0.2,0.92,0,0.8,0.8
Christian Folin,51,MIN,NHL,D,2016-17,25,2,6,8,10,26,2,0,0,0,39,5.1,762,0.04,0.12,0.16,0.76,0.2,2.1,2.3
Dmitrij Jaskin,51,STL,NHL,RW,2016-17,23,1,10,11,5,18,1,0,0,0,55,1.8,589,0.02,0.2,0.22,1.08,-0.3,0.9,0.6
Jonathon Merrill,51,NJD,NHL,D,2016-17,24,1,5,6,-9,24,1,0,0,0,48,2.1,947,0.02,0.1,0.12,0.94,-0.4,1.7,1.3
Brendan Smith,51,TOT,NHL,D,2016-17,27,3,6,9,1,63,2,1,0,1,62,4.8,981,0.06,0.12,0.18,1.22,0.1,2.2,2.3
Brandon Tanev,51,WPG,NHL,LW,2016-17,25,2,2,4,-6,26,2,0,0,1,54,3.7,545,0.04,0.04,0.08,1.06,-0.9,0.2,-0.6
Darren Helm,50,DET,NHL,C,2016-17,30,8,9,17,-6,20,6,2,0,1,98,8.2,768,0.16,0.18,0.34,1.96,0.6,0.7,1.4
Michal Kempny,50,CHI,NHL,D,2016-17,26,2,6,8,1,22,2,0,0,0,67,3,748,0.04,0.12,0.16,1.34,0.2,1.4,1.6
Shane Prince,50,NYI,NHL,LW,2016-17,24,5,13,18,-9,18,4,1,0,2,71,7,649,0.1,0.26,0.36,1.42,0.8,0.2,1
Shawn Thornton,50,FLA,NHL,LW,2016-17,39,2,2,4,-7,67,2,0,0,0,42,4.8,384,0.04,0.04,0.08,0.84,-0.4,0.2,-0.2
Jordin Tootoo,50,CHI,NHL,RW,2016-17,33,2,1,3,-6,28,2,0,0,0,43,4.7,337,0.04,0.02,0.06,0.86,-0.4,0.1,-0.3
Matt Beleskey,49,BOS,NHL,LW,2016-17,28,3,5,8,-10,47,3,0,0,0,79,3.8,650,0.06,0.1,0.16,1.61,-0.6,0.4,-0.2
Alexander Burmistrov,49,TOT,NHL,C,2016-17,25,5,11,16,-7,12,1,4,0,0,45,11.1,654,0.1,0.22,0.33,0.92,0.5,0.4,0.9
Austin Czarnik,49,BOS,NHL,C,2016-17,24,5,8,13,-10,12,5,0,0,1,66,7.6,638,0.1,0.16,0.27,1.35,0.3,0.4,0.7
David Desharnais,49,TOT,NHL,C,2016-17,30,6,8,14,4,12,6,0,0,1,46,13,610,0.12,0.16,0.29,0.94,0.5,0.9,1.4
Kevin Gravel,49,LAK,NHL,D,2016-17,24,1,6,7,3,6,0,1,0,0,52,1.9,693,0.02,0.12,0.14,1.06,0,2.3,2.3
Travis Hamonic,49,NYI,NHL,D,2016-17,26,3,11,14,-21,60,3,0,0,0,74,4.1,1002,0.06,0.22,0.29,1.51,0.7,-0.1,0.6
Tomas Hertl,49,SJS,NHL,C,2016-17,23,10,12,22,-8,14,9,1,0,4,100,10,844,0.2,0.24,0.45,2.04,1.1,0.7,1.9
Vinnie Hinostroza,49,CHI,NHL,LW,2016-17,22,6,8,14,-1,17,6,0,0,2,76,7.9,587,0.12,0.16,0.29,1.55,0.6,0.5,1.1
Nick Jensen,49,DET,NHL,D,2016-17,26,4,9,13,-7,12,4,0,0,0,59,6.8,870,0.08,0.18,0.27,1.2,0.8,1.5,2.3
Brayden McNabb,49,LAK,NHL,D,2016-17,26,2,2,4,1,54,2,0,0,0,47,4.3,738,0.04,0.04,0.08,0.96,-0.3,2.2,2
Alex Petrovic,49,FLA,NHL,D,2016-17,24,1,13,14,-1,79,1,0,0,0,55,1.8,889,0.02,0.27,0.29,1.12,0.6,2.2,2.7
Peter Holland,48,TOT,NHL,C,2016-17,26,5,7,12,-16,22,4,1,0,0,79,6.3,612,0.1,0.15,0.25,1.65,0.2,0,0.2
Nikita Nesterov,48,TOT,NHL,D,2016-17,23,4,13,17,0,24,3,1,0,0,63,6.3,782,0.08,0.27,0.35,1.31,1.3,1.8,3.1
Patrick Sharp,48,DAL,NHL,LW,2016-17,35,8,10,18,-22,31,6,1,1,0,146,5.5,765,0.17,0.21,0.38,3.04,0.7,-0.2,0.6
Tanner Kero,47,CHI,NHL,RW,2016-17,24,6,10,16,15,8,6,0,0,0,60,10,634,0.13,0.21,0.34,1.28,0.7,1.2,1.9
Dmitry Kulikov,47,BUF,NHL,D,2016-17,26,2,3,5,-26,26,1,1,0,0,42,4.8,1029,0.04,0.06,0.11,0.89,-0.5,0.4,-0.1
Roman Lyubimov,47,PHI,NHL,LW,2016-17,25,4,2,6,-2,8,4,0,0,1,41,9.8,450,0.09,0.04,0.13,0.87,-0.2,0.5,0.3
Denis Malgin,47,FLA,NHL,C,2016-17,20,6,4,10,-5,8,4,2,0,1,67,9,528,0.13,0.09,0.21,1.43,0.3,0.5,0.8
Sven Andrighetto,46,TOT,NHL,RW,2016-17,23,7,17,24,1,12,5,2,0,0,68,10.3,643,0.15,0.37,0.52,1.48,1.6,0.9,2.5
Andrew Desjardins,46,CHI,NHL,LW,2016-17,30,0,1,1,-6,22,0,0,0,0,46,0,432,0,0.02,0.02,1,-1.1,0.1,-1
Derek Grant,46,TOT,NHL,C,2016-17,26,0,4,4,-5,24,0,0,0,0,40,0,449,0,0.09,0.09,0.87,-0.8,0.3,-0.5
Erik Johnson,46,COL,NHL,D,2016-17,28,2,15,17,-6,9,2,0,0,1,96,2.1,1016,0.04,0.33,0.37,2.09,0.8,2.1,2.9
Greg McKegg,46,TOT,NHL,C,2016-17,24,3,4,7,-3,22,3,0,0,0,36,8.3,456,0.07,0.09,0.15,0.78,-0.2,0.5,0.3
Jordan Nolan,46,LAK,NHL,C,2016-17,27,4,4,8,-3,44,4,0,0,0,39,10.3,499,0.09,0.09,0.17,0.85,-0.1,0.6,0.5
Mike Ribeiro,46,NSH,NHL,C,2016-17,36,4,21,25,-5,14,2,2,0,0,38,10.5,735,0.09,0.46,0.54,0.83,1.2,0.6,1.8
Shawn Matthias,45,WPG,NHL,LW,2016-17,28,8,4,12,0,13,7,0,1,1,51,15.7,610,0.18,0.09,0.27,1.13,0.5,0.6,1.1
Devin Setoguchi,45,LAK,NHL,RW,2016-17,30,4,8,12,-5,14,4,0,0,0,60,6.7,560,0.09,0.18,0.27,1.33,0.2,0.6,0.8
Matt Tennyson,45,CAR,NHL,D,2016-17,26,0,6,6,-13,6,0,0,0,0,36,0,598,0,0.13,0.13,0.8,-0.1,0.4,0.3
Stefan Noesen,44,TOT,NHL,RW,2016-17,23,8,2,10,6,24,8,0,0,0,63,12.7,490,0.18,0.05,0.23,1.43,0.6,0.9,1.6
Darnell Nurse,44,EDM,NHL,D,2016-17,21,5,6,11,0,33,5,0,0,0,85,5.9,749,0.11,0.14,0.25,1.93,0.9,1.5,2.4
Adam Pelech,44,NYI,NHL,D,2016-17,22,3,7,10,-5,6,3,0,0,0,40,7.5,741,0.07,0.16,0.23,0.91,0.5,0.8,1.4
Frank Vatrano,44,BOS,NHL,C,2016-17,22,10,8,18,-3,14,6,4,0,1,116,8.6,593,0.23,0.18,0.41,2.64,1.5,0.6,2.2
Klas Dahlbeck,43,CAR,NHL,D,2016-17,25,2,4,6,-12,30,2,0,0,0,37,5.4,597,0.05,0.09,0.14,0.86,0.1,0.5,0.6
Jannik Hansen,43,TOT,NHL,RW,2016-17,30,8,12,20,2,34,8,0,0,1,73,11,690,0.19,0.28,0.47,1.7,1.2,1,2.2
Sergey Kalinin,43,NJD,NHL,C,2016-17,25,2,2,4,-14,15,2,0,0,0,38,5.3,550,0.05,0.05,0.09,0.88,-0.9,0.2,-0.7
Nick Lappin,43,NJD,NHL,RW,2016-17,24,4,3,7,-17,17,4,0,0,0,57,7,504,0.09,0.07,0.16,1.33,-0.2,0,-0.2
Chris Wagner,43,ANA,NHL,C,2016-17,25,6,1,7,2,6,6,0,0,0,40,15,402,0.14,0.02,0.16,0.93,0.3,0.6,0.9
Nicolas Deslauriers,42,BUF,NHL,LW,2016-17,25,0,2,2,-6,38,0,0,0,0,26,0,311,0,0.05,0.05,0.62,-0.7,0.1,-0.5
Matt Hendricks,42,EDM,NHL,LW,2016-17,35,4,3,7,-3,29,4,0,0,1,42,9.5,451,0.1,0.07,0.17,1,0,0.4,0.3
Mark Stuart,42,WPG,NHL,D,2016-17,32,2,2,4,4,27,2,0,0,1,24,8.3,523,0.05,0.05,0.1,0.57,0,1.1,1.1
Pavel Buchnevich,41,NYR,NHL,RW,2016-17,21,8,12,20,6,13,7,1,0,0,55,14.5,544,0.2,0.29,0.49,1.34,1.6,0.7,2.3
William Carrier,41,BUF,NHL,LW,2016-17,22,5,3,8,-1,21,5,0,0,1,50,10,369,0.12,0.07,0.2,1.22,0.4,0.4,0.8
Jyrki Jokipakka,41,TOT,NHL,D,2016-17,25,1,5,6,-4,12,1,0,0,0,29,3.4,592,0.02,0.12,0.15,0.71,0,1,1.1
Kris Letang,41,PIT,NHL,D,2016-17,29,5,29,34,2,32,3,2,0,2,122,4.1,1046,0.12,0.71,0.83,2.98,3,1.5,4.5
Alexey Marchenko,41,TOT,NHL,D,2016-17,25,1,7,8,7,12,1,0,0,0,36,2.8,695,0.02,0.17,0.2,0.88,0.1,2.2,2.3
Jamie Oleksiak,41,DAL,NHL,D,2016-17,24,5,2,7,-4,37,5,0,0,1,33,15.2,665,0.12,0.05,0.17,0.8,0.5,0.9,1.4
Anton Slepyshev,41,EDM,NHL,LW,2016-17,22,4,6,10,5,4,4,0,0,0,55,7.3,456,0.1,0.15,0.24,1.34,0.3,0.7,1
Eric Gryba,40,EDM,NHL,D,2016-17,28,2,4,6,-5,65,2,0,0,2,45,4.4,646,0.05,0.1,0.15,1.13,0.1,0.9,1
Jake Guentzel,40,PIT,NHL,C,2016-17,22,16,17,33,7,10,15,1,0,0,81,19.8,635,0.4,0.43,0.83,2.03,3.6,0.7,4.4
Patrik Nemeth,40,DAL,NHL,D,2016-17,24,0,3,3,-4,14,0,0,0,0,46,0,631,0,0.08,0.08,1.15,-0.5,0.8,0.3
Matt Puempel,40,TOT,NHL,LW,2016-17,24,6,3,9,-11,11,3,3,0,1,44,13.6,386,0.15,0.08,0.23,1.1,0.6,-0.1,0.5
Ben Smith,40,TOT,NHL,RW,2016-17,28,2,2,4,-7,4,2,0,0,0,30,6.7,459,0.05,0.05,0.1,0.75,-0.6,0.2,-0.4
Nail Yakupov,40,STL,NHL,RW,2016-17,23,3,6,9,-3,14,3,0,0,0,35,8.6,426,0.08,0.15,0.23,0.88,0.1,0.4,0.5
Reid Boucher,39,TOT,NHL,C,2016-17,23,6,4,10,-6,8,5,1,0,0,70,8.6,465,0.15,0.1,0.26,1.79,0.5,0.4,0.9
Anthony DeAngelo,39,ARI,NHL,D,2016-17,21,5,9,14,-13,37,3,2,0,1,60,8.3,667,0.13,0.23,0.36,1.54,1.3,0.4,1.7
Gabriel Dumont,39,TBL,NHL,C,2016-17,26,2,2,4,1,29,2,0,0,0,34,5.9,377,0.05,0.05,0.1,0.87,-0.4,0.5,0.1
Jakub Kindl,39,FLA,NHL,D,2016-17,29,0,4,4,-11,28,0,0,0,0,41,0,573,0,0.1,0.1,1.05,-0.3,0.5,0.2
Nate Prosser,39,MIN,NHL,D,2016-17,30,2,5,7,0,12,2,0,0,0,20,10,496,0.05,0.13,0.18,0.51,0.4,0.8,1.2
Zachary Sanford,39,TOT,NHL,LW,2016-17,22,4,4,8,2,10,4,0,0,2,36,11.1,423,0.1,0.1,0.21,0.92,0.1,0.5,0.7
Robert Bortuzzo,38,STL,NHL,D,2016-17,27,1,3,4,11,15,1,0,0,0,45,2.2,535,0.03,0.08,0.11,1.18,-0.1,2.1,2
Marko Dano,38,WPG,NHL,C,2016-17,22,4,7,11,0,10,2,2,0,0,44,9.1,406,0.11,0.18,0.29,1.16,0.5,0.4,0.9
Brandon Davidson,38,TOT,NHL,D,2016-17,25,0,3,3,-2,20,0,0,0,0,42,0,597,0,0.08,0.08,1.11,-0.4,1.1,0.7
Gustav Forsling,38,CHI,NHL,D,2016-17,20,2,3,5,3,4,2,0,0,0,48,4.2,563,0.05,0.08,0.13,1.26,0.1,1.3,1.3
Jacob Josefson,38,NJD,NHL,C,2016-17,25,1,9,10,-1,16,1,0,0,1,44,2.3,465,0.03,0.24,0.26,1.16,-0.1,0.6,0.6
Steven Santini,38,NJD,NHL,D,2016-17,21,2,5,7,-6,14,2,0,0,0,46,4.3,611,0.05,0.13,0.18,1.21,0.2,1.1,1.3
Michael Sgarbossa,38,TOT,NHL,C,2016-17,24,2,7,9,-5,9,1,1,0,0,33,6.1,424,0.05,0.18,0.24,0.87,0,0.3,0.4
Curtis Lazar,37,TOT,NHL,RW,2016-17,21,1,3,4,-8,4,1,0,0,0,26,3.8,338,0.03,0.08,0.11,0.7,-0.4,0.1,-0.3
Jordan Schroeder,37,MIN,NHL,C,2016-17,26,6,7,13,5,0,6,0,0,0,37,16.2,362,0.16,0.19,0.35,1,1.1,0.5,1.6
Andy Andreoff,36,LAK,NHL,LW,2016-17,25,0,2,2,-2,70,0,0,0,0,38,0,381,0,0.06,0.06,1.06,-0.9,0.5,-0.4
Alex Biega,36,VAN,NHL,D,2016-17,28,0,3,3,-4,18,0,0,0,0,37,0,474,0,0.08,0.08,1.03,-0.3,0.9,0.7
Phillip Di Giuseppe,36,CAR,NHL,LW,2016-17,23,1,6,7,-12,15,1,0,0,1,68,1.5,443,0.03,0.17,0.19,1.89,-0.4,0.1,-0.3
Johan Larsson,36,BUF,NHL,C,2016-17,24,6,5,11,-7,20,5,1,0,2,49,12.2,607,0.17,0.14,0.31,1.36,0.2,0.5,0.7
John-Michael Liles,36,BOS,NHL,D,2016-17,36,0,5,5,1,4,0,0,0,0,36,0,583,0,0.14,0.14,1,-0.2,1.5,1.3
Greg Pateryn,36,TOT,NHL,D,2016-17,26,1,8,9,-1,10,1,0,0,0,42,2.4,555,0.03,0.22,0.25,1.17,0.4,1.1,1.5
Jake Dotchin,35,TBL,NHL,D,2016-17,22,0,11,11,10,35,0,0,0,0,50,0,645,0,0.31,0.31,1.43,0.4,2.3,2.7
Timo Meier,34,SJS,NHL,RW,2016-17,20,3,3,6,1,10,3,0,0,1,85,3.5,424,0.09,0.09,0.18,2.5,-0.2,0.6,0.4
Chad Ruhwedel,34,PIT,NHL,D,2016-17,26,2,8,10,9,8,2,0,0,0,45,4.4,589,0.06,0.24,0.29,1.32,0.6,1.5,2.1
Shea Theodore,34,ANA,NHL,D,2016-17,21,2,7,9,-6,28,1,1,0,1,60,3.3,589,0.06,0.21,0.26,1.76,0.5,0.9,1.4
Luke Witkowski,34,TBL,NHL,D,2016-17,26,0,4,4,-1,39,0,0,0,0,24,0,336,0,0.12,0.12,0.71,0,0.7,0.7
Daniel Carr,33,MTL,NHL,LW,2016-17,25,2,7,9,4,6,2,0,0,1,44,4.5,338,0.06,0.21,0.27,1.33,0.3,0.6,0.8
Fredrik Claesson,33,OTT,NHL,D,2016-17,24,3,8,11,5,4,3,0,0,0,25,12,434,0.09,0.24,0.33,0.76,1,1.4,2.4
Cody Goloubef,33,COL,NHL,D,2016-17,27,0,5,5,-11,25,0,0,0,0,35,0,561,0,0.15,0.15,1.06,-0.1,0.5,0.4
Tyler Motte,33,CHI,NHL,LW,2016-17,21,4,3,7,2,14,4,0,0,0,46,8.7,376,0.12,0.09,0.21,1.39,0.2,0.4,0.6
Justin Bailey,32,BUF,NHL,RW,2016-17,21,2,2,4,0,4,2,0,0,1,36,5.6,340,0.06,0.06,0.13,1.13,-0.3,0.4,0.1
Korbinian Holzer,32,ANA,NHL,D,2016-17,28,2,5,7,0,23,2,0,0,0,14,14.3,432,0.06,0.16,0.22,0.44,0.5,1,1.5
Jiri Hudler,32,DAL,NHL,RW,2016-17,33,3,8,11,-3,4,2,1,0,1,27,11.1,379,0.09,0.25,0.34,0.84,0.5,0.2,0.7
Magnus Paajarvi,32,STL,NHL,LW,2016-17,25,8,5,13,9,6,7,1,0,3,51,15.7,389,0.25,0.16,0.41,1.59,1.2,0.8,2.1
Adam Clendening,31,NYR,NHL,D,2016-17,24,2,9,11,3,17,1,1,0,0,38,5.3,490,0.06,0.29,0.35,1.23,0.8,1.1,1.9
Jonathan Huberdeau,31,FLA,NHL,LW,2016-17,23,10,16,26,-2,13,7,3,0,2,86,11.6,556,0.32,0.52,0.84,2.77,2.4,0.7,3.1
Michael McCarron,31,MTL,NHL,RW,2016-17,21,1,4,5,-4,41,1,0,0,0,31,3.2,307,0.03,0.13,0.16,1,-0.2,0.2,0
Tyler Pitlick,31,EDM,NHL,RW,2016-17,25,8,3,11,0,6,8,0,0,1,54,14.8,308,0.26,0.1,0.35,1.74,1.3,0.3,1.6
Ivan Barbashev,30,STL,NHL,C,2016-17,21,5,7,12,5,2,5,0,0,1,20,25,354,0.17,0.23,0.4,0.67,0.9,0.6,1.5
Erik Gudbranson,30,VAN,NHL,D,2016-17,25,1,5,6,-14,18,1,0,0,1,40,2.5,610,0.03,0.17,0.2,1.33,0,0.4,0.5
Evan Rodrigues,30,BUF,NHL,LW,2016-17,23,4,2,6,-7,4,3,1,0,0,51,7.8,388,0.13,0.07,0.2,1.7,0,0.2,0.2
Nate Thompson,30,ANA,NHL,C,2016-17,32,1,1,2,4,14,1,0,0,0,19,5.3,312,0.03,0.03,0.07,0.63,-0.5,0.5,0
Noel Acciari,29,BOS,NHL,C,2016-17,25,2,3,5,3,16,2,0,0,0,24,8.3,301,0.07,0.1,0.17,0.83,0,0.5,0.5
Anthony Bitetto,29,NSH,NHL,D,2016-17,26,0,7,7,-1,25,0,0,0,0,17,0,342,0,0.24,0.24,0.59,0.4,0.6,0.9
Tomas Jurco,29,TOT,NHL,LW,2016-17,24,1,0,1,-12,4,1,0,0,0,35,2.9,308,0.03,0,0.03,1.21,-0.6,-0.2,-0.8
Slater Koekkoek,29,TBL,NHL,D,2016-17,22,0,4,4,-4,8,0,0,0,0,27,0,377,0,0.14,0.14,0.93,0,0.5,0.5
Jared McCann,29,FLA,NHL,C,2016-17,20,1,6,7,-1,4,1,0,0,0,44,2.3,337,0.03,0.21,0.24,1.52,-0.1,0.4,0.3
Dalton Prout,29,TOT,NHL,D,2016-17,26,0,6,6,-1,44,0,0,0,0,13,0,405,0,0.21,0.21,0.45,0.2,0.8,1
Jesse Puljujarvi,28,EDM,NHL,RW,2016-17,18,1,7,8,5,10,0,1,0,0,41,2.4,315,0.04,0.25,0.29,1.46,0.1,0.6,0.7
Nick Schultz,28,PHI,NHL,D,2016-17,34,0,4,4,1,10,0,0,0,0,25,0,427,0,0.14,0.14,0.89,-0.1,1.2,1.1
Joseph Blandisi,27,NJD,NHL,LW,2016-17,22,3,6,9,-10,26,2,1,0,2,24,12.5,361,0.11,0.22,0.33,0.89,0.3,0.1,0.4
Taylor Fedun,27,BUF,NHL,D,2016-17,28,0,7,7,3,16,0,0,0,0,24,0,361,0,0.26,0.26,0.89,0.3,1.2,1.5
Ryan Garbutt,27,ANA,NHL,LW,2016-17,31,2,1,3,-3,20,2,0,0,1,26,7.7,247,0.07,0.04,0.11,0.96,-0.1,0.2,0
Eric Gelinas,27,COL,NHL,D,2016-17,25,0,1,1,-4,12,0,0,0,0,29,0,313,0,0.04,0.04,1.07,-0.3,0.5,0.2
Brandon Montour,27,ANA,NHL,D,2016-17,22,2,4,6,11,14,2,0,0,0,50,4,469,0.07,0.15,0.22,1.85,0.3,2,2.3
Ryan Murphy,27,CAR,NHL,D,2016-17,23,0,2,2,-11,8,0,0,0,0,17,0,356,0,0.07,0.07,0.63,-0.2,0,-0.3
Carter Rowney,27,PIT,NHL,RW,2016-17,27,3,4,7,2,4,3,0,0,1,24,12.5,296,0.11,0.15,0.26,0.89,0.3,0.3,0.6
Ryan Sproul,27,DET,NHL,D,2016-17,24,1,6,7,-8,6,0,1,0,0,46,2.2,409,0.04,0.22,0.26,1.7,0.4,0.3,0.7
Oliver Bjorkstrand,26,CBJ,NHL,RW,2016-17,21,6,7,13,4,6,6,0,0,2,55,10.9,366,0.23,0.27,0.5,2.12,1.1,0.5,1.7
Adam Erne,26,TBL,NHL,LW,2016-17,21,3,0,3,-9,11,3,0,0,0,40,7.5,307,0.12,0,0.12,1.54,-0.2,0,-0.2
Stephen Gionta,26,NYI,NHL,RW,2016-17,33,1,5,6,9,2,1,0,0,0,17,5.9,291,0.04,0.19,0.23,0.65,0,0.6,0.6
Matt Greene,26,LAK,NHL,D,2016-17,33,1,1,2,3,19,1,0,0,0,14,7.1,343,0.04,0.04,0.08,0.54,-0.1,1.2,1.2
Freddie Hamilton,26,CGY,NHL,C,2016-17,25,2,0,2,-3,8,2,0,0,1,30,6.7,254,0.08,0,0.08,1.15,-0.3,0.2,-0.1
Garnet Hathaway,26,CGY,NHL,RW,2016-17,25,1,4,5,0,44,1,0,0,0,22,4.5,238,0.04,0.15,0.19,0.85,0,0.3,0.3
Philip Larsen,26,VAN,NHL,D,2016-17,27,1,5,6,-8,4,1,0,0,0,32,3.1,428,0.04,0.19,0.23,1.23,0.3,0.5,0.7
Yohann Auvitu,25,NJD,NHL,D,2016-17,27,2,2,4,1,2,2,0,0,0,54,3.7,390,0.08,0.08,0.16,2.16,0.2,1.1,1.3
Dylan DeMelo,25,SJS,NHL,D,2016-17,23,1,7,8,2,14,1,0,0,0,32,3.1,397,0.04,0.28,0.32,1.28,0.5,1.1,1.6
Adrian Kempe,25,LAK,NHL,LW,2016-17,20,2,4,6,-3,6,2,0,0,1,32,6.3,306,0.08,0.16,0.24,1.28,0,0.3,0.4
Martin Marincin,25,TOR,NHL,D,2016-17,24,1,6,7,3,16,1,0,0,0,22,4.5,451,0.04,0.24,0.28,0.88,0.3,1,1.4
Scott Mayfield,25,NYI,NHL,D,2016-17,24,2,7,9,-1,35,2,0,0,0,39,5.1,354,0.08,0.28,0.36,1.56,0.8,0.5,1.3
Matt Bartkowski,24,CGY,NHL,D,2016-17,28,1,1,2,-4,26,1,0,0,0,16,6.3,369,0.04,0.04,0.08,0.67,-0.1,0.5,0.4
Kevin Connauton,24,ARI,NHL,D,2016-17,26,0,1,1,-1,24,0,0,0,0,21,0,315,0,0.04,0.04,0.88,-0.3,0.6,0.4
Laurent Dauphin,24,ARI,NHL,C,2016-17,21,2,1,3,-2,12,1,0,1,1,32,6.3,262,0.08,0.04,0.13,1.33,-0.2,0.2,0
Seth Griffith,24,TOT,NHL,C,2016-17,24,0,5,5,6,8,0,0,0,0,21,0,306,0,0.21,0.21,0.88,-0.3,0.6,0.3
Kyle Rau,24,FLA,NHL,C,2016-17,24,2,1,3,-3,4,2,0,0,0,21,9.5,230,0.08,0.04,0.13,0.88,-0.1,0.2,0.1
Harry Zolnierczyk,24,NSH,NHL,LW,2016-17,29,2,2,4,-2,10,2,0,0,0,19,10.5,213,0.08,0.08,0.17,0.79,0.1,0.1,0.2
Blake Coleman,23,NJD,NHL,C,2016-17,25,1,1,2,-7,27,1,0,0,0,29,3.4,295,0.04,0.04,0.09,1.26,-0.5,0.1,-0.4
Jordan Weal,23,PHI,NHL,C,2016-17,24,8,4,12,5,10,7,1,0,1,49,16.3,329,0.35,0.17,0.52,2.13,1.3,0.6,1.9
Scott Harrington,22,CBJ,NHL,D,2016-17,23,1,2,3,3,10,1,0,0,0,16,6.3,286,0.05,0.09,0.14,0.73,0.1,0.8,0.9
Paul Ladue,22,LAK,NHL,D,2016-17,24,0,8,8,-5,4,0,0,0,0,27,0,339,0,0.36,0.36,1.23,0.5,0.6,1
Anton Lander,22,EDM,NHL,C,2016-17,25,1,3,4,2,6,1,0,0,0,12,8.3,215,0.05,0.14,0.18,0.55,0,0.3,0.3
Michal Rozsival,22,CHI,NHL,D,2016-17,38,1,2,3,-3,14,1,0,0,1,16,6.3,341,0.05,0.09,0.14,0.73,0,0.4,0.4
J.T. Compher,21,COL,NHL,LW,2016-17,21,3,2,5,0,4,2,1,0,1,30,10,314,0.14,0.1,0.24,1.43,0,0.4,0.4
Frederik Gauthier,21,TOR,NHL,C,2016-17,21,2,1,3,2,23,2,0,0,0,15,13.3,204,0.1,0.05,0.14,0.71,0,0.3,0.3
Joshua Ho-Sang,21,NYI,NHL,RW,2016-17,21,4,6,10,1,12,3,1,0,0,22,18.2,346,0.19,0.29,0.48,1.05,0.6,0.4,1
Brett Kulak,21,CGY,NHL,D,2016-17,23,0,3,3,-3,12,0,0,0,0,19,0,299,0,0.14,0.14,0.9,-0.1,0.4,0.4
Paul Thompson,21,FLA,NHL,RW,2016-17,28,0,3,3,-4,22,0,0,0,0,19,0,166,0,0.14,0.14,0.9,-0.1,0.1,-0.1
Jakub Vrana,21,WSH,NHL,LW,2016-17,20,3,3,6,2,2,0,3,0,2,32,9.4,233,0.14,0.14,0.29,1.52,0.3,0.3,0.6
Kyle Connor,20,WPG,NHL,LW,2016-17,20,2,3,5,-7,4,2,0,0,1,24,8.3,244,0.1,0.15,0.25,1.2,0.1,-0.1,0
Yanni Gourde,20,TBL,NHL,C,2016-17,25,6,2,8,-1,8,5,0,1,1,30,20,307,0.3,0.1,0.4,1.5,0.7,0.3,1
Anton Blidh,19,BOS,NHL,LW,2016-17,21,1,1,2,-2,7,1,0,0,0,26,3.8,167,0.05,0.05,0.11,1.37,-0.1,0.1,0
Michael Bournival,19,TBL,NHL,LW,2016-17,24,2,1,3,-3,2,2,0,0,0,25,8,193,0.11,0.05,0.16,1.32,0,0.1,0.1
Andrej Nestrasil,19,CAR,NHL,C,2016-17,25,1,4,5,-3,2,1,0,0,0,27,3.7,207,0.05,0.21,0.26,1.42,0.1,0.1,0.2
Robbie Russo,19,DET,NHL,D,2016-17,23,0,0,0,2,2,0,0,0,0,18,0,305,0,0,0,0.95,-0.4,0.9,0.5
Marcus Sorensen,19,SJS,NHL,RW,2016-17,24,1,3,4,-1,4,1,0,0,1,27,3.7,205,0.05,0.16,0.21,1.42,0,0.2,0.2
Ryan Callahan,18,TBL,NHL,RW,2016-17,31,2,2,4,-4,23,2,0,0,1,22,9.1,255,0.11,0.11,0.22,1.22,-0.1,0.1,0.1
Taylor Chorney,18,WSH,NHL,D,2016-17,29,1,4,5,8,11,1,0,0,1,19,5.3,257,0.06,0.22,0.28,1.06,0.3,1.1,1.5
Remi Elie,18,DAL,NHL,LW,2016-17,21,1,6,7,5,8,1,0,0,0,15,6.7,281,0.06,0.33,0.39,0.83,0.1,0.5,0.6
Tom Gilbert,18,LAK,NHL,D,2016-17,34,1,4,5,-4,6,1,0,0,0,12,8.3,278,0.06,0.22,0.28,0.67,0.3,0.5,0.8
Julian Melchiori,18,WPG,NHL,D,2016-17,25,0,2,2,0,8,0,0,0,0,15,0,331,0,0.11,0.11,0.83,-0.2,0.5,0.3
Joel Vermin,18,TBL,NHL,RW,2016-17,24,0,3,3,2,4,0,0,0,0,12,0,197,0,0.17,0.17,0.67,-0.2,0.3,0.1
Joseph Morrow,17,BOS,NHL,D,2016-17,24,0,1,1,-4,8,0,0,0,0,19,0,264,0,0.06,0.06,1.12,-0.2,0.3,0.1
Mike Reilly,17,MIN,NHL,D,2016-17,23,1,0,1,1,2,1,0,0,0,19,5.3,210,0.06,0,0.06,1.12,0,0.4,0.4
Gemel Smith,17,DAL,NHL,C,2016-17,22,3,3,6,-1,21,2,0,1,0,19,15.8,231,0.18,0.18,0.35,1.12,0.4,0.2,0.5
Steven Stamkos,17,TBL,NHL,C,2016-17,26,9,11,20,3,14,6,3,0,1,58,15.5,304,0.53,0.65,1.18,3.41,2.3,0.5,2.8
Julius Honka,16,DAL,NHL,D,2016-17,21,1,4,5,-4,4,1,0,0,1,34,2.9,270,0.06,0.25,0.31,2.13,0.3,0.2,0.5
Marek Hrivik,16,NYR,NHL,LW,2016-17,25,0,2,2,-3,2,0,0,0,0,15,0,167,0,0.13,0.13,0.94,-0.2,0,-0.2
Zach Redmond,16,MTL,NHL,D,2016-17,28,0,5,5,6,2,0,0,0,0,12,0,197,0,0.31,0.31,0.75,0.3,0.9,1.2
Brad Richardson,16,ARI,NHL,RW,2016-17,31,5,4,9,-1,15,3,0,2,0,25,20,246,0.31,0.25,0.56,1.56,0.9,0.2,1.1
Pontus Aberg,15,NSH,NHL,LW,2016-17,23,1,1,2,-2,4,1,0,0,0,12,8.3,185,0.07,0.07,0.13,0.8,-0.2,0.1,-0.1
Joel Eriksson Ek,15,MIN,NHL,LW,2016-17,20,3,4,7,1,4,3,0,0,1,15,20,159,0.2,0.27,0.47,1,0.7,0.2,0.8
Ales Hemsky,15,DAL,NHL,RW,2016-17,33,4,3,7,-1,0,3,1,0,0,30,13.3,216,0.27,0.2,0.47,2,0.6,0.2,0.8
Nicholas Baptiste,14,BUF,NHL,RW,2016-17,21,3,1,4,1,6,3,0,0,0,16,18.8,129,0.21,0.07,0.29,1.14,0.4,0.2,0.6
Patrick Brown,14,CAR,NHL,C,2016-17,24,0,0,0,-6,0,0,0,0,0,12,0,136,0,0,0,0.86,-0.4,-0.1,-0.5
Derek Dorsett,14,VAN,NHL,RW,2016-17,30,1,3,4,-6,33,1,0,0,0,24,4.2,139,0.07,0.21,0.29,1.71,0.2,-0.1,0.1
Nikolay Goldobin,14,TOT,NHL,RW,2016-17,21,3,0,3,0,0,3,0,0,1,14,21.4,159,0.21,0,0.21,1,0.2,0.2,0.4
Shane Harper,14,FLA,NHL,RW,2016-17,27,2,1,3,-1,18,2,0,0,0,13,15.4,144,0.14,0.07,0.21,0.93,0.2,0.1,0.3
Iiro Pakarinen,14,EDM,NHL,RW,2016-17,25,2,2,4,2,2,2,0,0,1,15,13.3,125,0.14,0.14,0.29,1.07,0.3,0.2,0.5
Drew Shore,14,VAN,NHL,C,2016-17,26,0,2,2,-3,4,0,0,0,0,11,0,168,0,0.14,0.14,0.79,-0.2,0.1,-0.1
Clayton Stoner,14,ANA,NHL,D,2016-17,31,1,2,3,0,28,1,0,0,0,16,6.3,246,0.07,0.14,0.21,1.14,0.1,0.6,0.7
Chris Terry,14,MTL,NHL,LW,2016-17,27,2,2,4,-1,4,2,0,0,0,15,13.3,138,0.14,0.14,0.29,1.07,0.3,0.1,0.4
Erik Condra,13,TBL,NHL,RW,2016-17,30,0,0,0,-4,4,0,0,0,0,8,0,125,0,0,0,0.62,-0.4,0,-0.4
Kurtis Gabriel,13,MIN,NHL,RW,2016-17,23,0,1,1,0,29,0,0,0,0,3,0,76,0,0.08,0.08,0.23,-0.1,0.1,0
Boyd Gordon,13,PHI,NHL,C,2016-17,33,1,0,1,-5,2,1,0,0,0,8,12.5,106,0.08,0,0.08,0.62,-0.1,-0.1,-0.2
Joseph Labate,13,VAN,NHL,C,2016-17,23,0,0,0,-2,21,0,0,0,0,5,0,88,0,0,0,0.38,-0.2,0,-0.2
Josh Leivo,13,TOR,NHL,LW,2016-17,23,2,8,10,2,4,1,1,0,0,27,7.4,163,0.15,0.62,0.77,2.08,0.9,0.2,1.1
Gustav Olofsson,13,MIN,NHL,D,2016-17,22,0,3,3,-1,2,0,0,0,0,7,0,175,0,0.23,0.23,0.54,0.1,0.2,0.3
Teemu Pulkkinen,13,TOT,NHL,LW,2016-17,25,2,0,2,-2,6,2,0,0,0,10,20,124,0.15,0,0.15,0.77,0.1,0,0.1
Tom Sestito,13,PIT,NHL,LW,2016-17,29,0,2,2,0,48,0,0,0,0,3,0,72,0,0.15,0.15,0.23,0,0,0.1
Cameron Gaunce,12,PIT,NHL,D,2016-17,26,1,3,4,1,13,1,0,0,0,8,12.5,150,0.08,0.25,0.33,0.67,0.4,0.3,0.6
John Hayden,12,CHI,NHL,LW,2016-17,21,1,3,4,3,4,1,0,0,0,22,4.5,140,0.08,0.25,0.33,1.83,0.2,0.3,0.4
Brad Hunt,12,TOT,NHL,D,2016-17,28,1,5,6,-1,2,0,1,0,0,14,7.1,174,0.08,0.42,0.5,1.17,0.6,0.3,0.9
Anton Lindholm,12,COL,NHL,D,2016-17,22,0,0,0,-8,2,0,0,0,0,7,0,177,0,0,0,0.58,-0.2,-0.2,-0.4
Teddy Purcell,12,LAK,NHL,LW,2016-17,31,0,2,2,0,0,0,0,0,0,10,0,155,0,0.17,0.17,0.83,-0.2,0.2,0
John Quenneville,12,NJD,NHL,C,2016-17,20,1,3,4,1,2,0,1,0,0,21,4.8,164,0.08,0.25,0.33,1.75,0.1,0.3,0.4
Bryan Bickell,11,CAR,NHL,LW,2016-17,30,1,0,1,-4,4,0,1,0,1,8,12.5,115,0.09,0,0.09,0.73,-0.1,0,-0.1
Ryan Carpenter,11,SJS,NHL,C,2016-17,26,2,2,4,5,4,2,0,0,0,20,10,114,0.18,0.18,0.36,1.82,0.3,0.4,0.7
Peter Cehlarik,11,BOS,NHL,LW,2016-17,21,0,2,2,0,0,0,0,0,0,8,0,153,0,0.18,0.18,0.73,-0.2,0.2,0
Cory Conacher,11,TBL,NHL,LW,2016-17,27,1,3,4,0,4,0,1,0,0,16,6.3,127,0.09,0.27,0.36,1.45,0.2,0.2,0.3
Luke Gazdic,11,NJD,NHL,LW,2016-17,27,0,0,0,-2,12,0,0,0,0,3,0,78,0,0,0,0.27,-0.2,0,-0.2
Tanner Glass,11,NYR,NHL,LW,2016-17,33,1,1,2,0,17,1,0,0,0,8,12.5,120,0.09,0.09,0.18,0.73,0,0.1,0.1
Steven Kampfer,11,TOT,NHL,D,2016-17,28,1,1,2,-2,6,1,0,0,0,10,10,146,0.09,0.09,0.18,0.91,0.1,0.1,0.2
Zack Mitchell,11,MIN,NHL,RW,2016-17,24,0,0,0,-1,0,0,0,0,0,10,0,93,0,0,0,0.91,-0.3,0,-0.2
Tyler Myers,11,WPG,NHL,D,2016-17,26,2,3,5,5,13,2,0,0,0,16,12.5,244,0.18,0.27,0.45,1.45,0.5,0.8,1.2
Casey Nelson,11,BUF,NHL,D,2016-17,24,0,0,0,-3,4,0,0,0,0,10,0,139,0,0,0,0.91,-0.2,0.1,-0.1
Tomas Nosek,11,DET,NHL,LW,2016-17,24,1,0,1,-1,2,1,0,0,0,19,5.3,111,0.09,0,0.09,1.73,-0.1,0.1,0
Cal O'Reilly,11,BUF,NHL,C,2016-17,30,0,1,1,-6,0,0,0,0,0,3,0,87,0,0.09,0.09,0.27,-0.1,-0.1,-0.3
Steven Oleksy,11,PIT,NHL,D,2016-17,30,0,1,1,2,24,0,0,0,0,11,0,151,0,0.09,0.09,1,-0.1,0.4,0.3
Derrick Pouliot,11,PIT,NHL,D,2016-17,23,0,0,0,-4,4,0,0,0,0,11,0,164,0,0,0,1,-0.2,-0.1,-0.3
Karl Stollery,11,NJD,NHL,D,2016-17,29,0,3,3,-5,13,0,0,0,0,11,0,186,0,0.27,0.27,1,0.1,0.1,0.2
Josh Archibald,10,PIT,NHL,RW,2016-17,24,3,0,3,3,4,2,0,1,0,11,27.3,109,0.3,0,0.3,1.1,0.4,0.2,0.6
Jason Dickinson,10,DAL,NHL,C,2016-17,21,2,0,2,-3,0,2,0,0,0,9,22.2,118,0.2,0,0.2,0.9,0.1,0,0.1
Hudson Fasching,10,BUF,NHL,RW,2016-17,21,0,1,1,-1,2,0,0,0,0,6,0,104,0,0.1,0.1,0.6,-0.2,0.1,-0.1
Petter Granberg,10,NSH,NHL,D,2016-17,24,0,0,0,0,10,0,0,0,0,4,0,96,0,0,0,0.4,-0.1,0.2,0.1
Markus Hannikainen,10,CBJ,NHL,LW,2016-17,23,1,1,2,0,6,1,0,0,0,8,12.5,91,0.1,0.1,0.2,0.8,0.1,0.1,0.2
Jujhar Khaira,10,EDM,NHL,LW,2016-17,22,1,0,1,1,2,1,0,0,1,10,10,93,0.1,0,0.1,1,0,0.1,0.1
Taylor Leier,10,PHI,NHL,LW,2016-17,22,1,1,2,-1,4,1,0,0,0,7,14.3,91,0.1,0.1,0.2,0.7,0.1,0.1,0.1
Nelson Nogier,10,WPG,NHL,D,2016-17,20,0,0,0,-1,5,0,0,0,0,8,0,117,0,0,0,0.8,-0.1,0.1,-0.1
Matthew Peca,10,TBL,NHL,C,2016-17,23,1,1,2,-3,2,1,0,0,0,9,11.1,114,0.1,0.1,0.2,0.9,0,0,0
Blake Pietila,10,NJD,NHL,LW,2016-17,23,0,1,1,-5,4,0,0,0,0,9,0,130,0,0.1,0.1,0.9,-0.3,0,-0.3
Oskar Sundqvist,10,PIT,NHL,C,2016-17,22,0,0,0,-4,2,0,0,0,0,9,0,92,0,0,0,0.9,-0.3,-0.1,-0.4
Jake Virtanen,10,VAN,NHL,RW,2016-17,20,0,1,1,1,2,0,0,0,0,13,0,101,0,0.1,0.1,1.3,-0.2,0.2,0
Cody Bass,9,NSH,NHL,C,2016-17,30,0,0,0,-1,19,0,0,0,0,1,0,61,0,0,0,0.11,-0.2,0,-0.1
Brock Boeser,9,VAN,NHL,RW,2016-17,19,4,1,5,0,0,2,2,0,1,25,16,146,0.44,0.11,0.56,2.78,0.6,0.2,0.8
Zac Dalpe,9,MIN,NHL,C,2016-17,27,1,2,3,0,9,1,0,0,0,8,12.5,77,0.11,0.22,0.33,0.89,0.2,0.1,0.3
Jacob de La Rose,9,MTL,NHL,LW,2016-17,21,0,0,0,-3,4,0,0,0,0,4,0,98,0,0,0,0.44,-0.3,0,-0.3
Justin Dowling,9,DAL,NHL,C,2016-17,26,0,2,2,0,2,0,0,0,0,11,0,94,0,0.22,0.22,1.22,0,0.1,0
Frederick Gaudreau,9,NSH,NHL,C,2016-17,23,0,1,1,1,0,0,0,0,0,8,0,78,0,0.11,0.11,0.89,-0.1,0.1,0
Seth Helgeson,9,NJD,NHL,D,2016-17,26,1,0,1,2,15,1,0,0,0,3,33.3,121,0.11,0,0.11,0.33,0.1,0.5,0.6
Ty Rattie,9,TOT,NHL,RW,2016-17,23,0,2,2,-2,0,0,0,0,0,10,0,97,0,0.22,0.22,1.11,-0.1,0,0
Jordan Schmaltz,9,STL,NHL,D,2016-17,23,0,2,2,0,4,0,0,0,0,5,0,129,0,0.22,0.22,0.56,0.1,0.3,0.4
Danton Heinen,8,BOS,NHL,C,2016-17,21,0,0,0,-3,2,0,0,0,0,7,0,106,0,0,0,0.88,-0.3,0,-0.3
Kasperi Kapanen,8,TOR,NHL,RW,2016-17,20,1,0,1,-2,0,1,0,0,0,11,9.1,86,0.13,0,0.13,1.38,0,0,0
Sean Kuraly,8,BOS,NHL,C,2016-17,24,0,1,1,-1,2,0,0,0,0,11,0,74,0,0.13,0.13,1.38,-0.1,0.1,0
Lucas Wallmark,8,CAR,NHL,C,2016-17,21,0,2,2,1,2,0,0,0,0,11,0,87,0,0.25,0.25,1.38,0,0.2,0.1
Kenny Agostino,7,STL,NHL,LW,2016-17,24,1,2,3,0,2,1,0,0,0,17,5.9,89,0.14,0.29,0.43,2.43,0.2,0.1,0.3
Casey Bailey,7,OTT,NHL,RW,2016-17,25,0,0,0,-1,0,0,0,0,0,10,0,56,0,0,0,1.43,-0.2,0,-0.1
Tyler Bertuzzi,7,DET,NHL,LW,2016-17,21,0,0,0,-1,0,0,0,0,0,3,0,64,0,0,0,0.43,-0.2,0,-0.1
Christian Fischer,7,ARI,NHL,RW,2016-17,19,3,0,3,0,0,3,0,0,1,10,30,86,0.43,0,0.43,1.43,0.4,0.1,0.5
Joel Hanley,7,MTL,NHL,D,2016-17,25,0,0,0,-3,4,0,0,0,0,5,0,71,0,0,0,0.71,-0.1,-0.1,-0.2
Nicklas Jensen,7,NYR,NHL,RW,2016-17,23,0,0,0,-2,0,0,0,0,0,8,0,65,0,0,0,1.14,-0.2,0,-0.2
Ryan Johnston,7,MTL,NHL,D,2016-17,24,0,0,0,-3,4,0,0,0,0,3,0,69,0,0,0,0.43,-0.1,-0.1,-0.2
Petteri Lindbohm,7,STL,NHL,D,2016-17,23,0,0,0,-4,4,0,0,0,0,10,0,91,0,0,0,1.43,-0.1,-0.1,-0.2
Max McCormick,7,OTT,NHL,RW,2016-17,24,0,0,0,-3,0,0,0,0,0,7,0,47,0,0,0,1,-0.1,-0.1,-0.2
Hunter Shinkaruk,7,CGY,NHL,LW,2016-17,22,0,1,1,-3,2,0,0,0,0,5,0,74,0,0.14,0.14,0.71,-0.1,0,-0.1
Dylan Strome,7,ARI,NHL,C,2016-17,19,0,1,1,-5,0,0,0,0,0,6,0,96,0,0.14,0.14,0.86,-0.2,-0.1,-0.3
Phil Varone,7,OTT,NHL,C,2016-17,26,0,0,0,-3,2,0,0,0,0,1,0,56,0,0,0,0.14,-0.2,-0.1,-0.2
David Warsofsky,7,PIT,NHL,D,2016-17,26,0,1,1,-3,6,0,0,0,0,14,0,110,0,0.14,0.14,2,0,-0.1,-0.1
Gabriel Bourque,6,COL,NHL,LW,2016-17,26,0,0,0,0,0,0,0,0,0,4,0,67,0,0,0,0.67,-0.2,0.1,-0.1
Jonny Brodzinski,6,LAK,NHL,C,2016-17,23,0,2,2,2,2,0,0,0,0,17,0,74,0,0.33,0.33,2.83,0,0.2,0.2
Paul Carey,6,WSH,NHL,C,2016-17,28,0,0,0,-2,0,0,0,0,0,8,0,63,0,0,0,1.33,-0.2,0,-0.2
Matt Carle,6,NSH,NHL,D,2016-17,32,0,1,1,-1,0,0,0,0,0,2,0,79,0,0.17,0.17,0.33,0,0.1,0.1
Byron Froese,6,TOT,NHL,C,2016-17,25,0,0,0,-3,5,0,0,0,0,6,0,63,0,0,0,1,-0.2,-0.1,-0.2
Ben Harpur,6,OTT,NHL,D,2016-17,22,0,0,0,-1,0,0,0,0,0,3,0,107,0,0,0,0.5,-0.1,0.2,0
Tyson Jost,6,COL,NHL,C,2016-17,18,1,0,1,-5,0,1,0,0,0,9,11.1,94,0.17,0,0.17,1.5,0,-0.1,-0.1
Dylan McIlrath,6,TOT,NHL,D,2016-17,24,1,0,1,-2,14,1,0,0,0,3,33.3,57,0.17,0,0.17,0.5,0.1,0,0.1
Ben Street,6,DET,NHL,C,2016-17,29,0,1,1,1,0,0,0,0,0,8,0,50,0,0.17,0.17,1.33,0,0.1,0.1
Alex Tuch,6,MIN,NHL,RW,2016-17,20,0,0,0,-3,0,0,0,0,0,8,0,64,0,0,0,1.33,-0.2,-0.1,-0.3
Brady Austin,5,BUF,NHL,D,2016-17,23,0,0,0,0,4,0,0,0,0,8,0,80,0,0,0,1.6,-0.1,0.2,0.1
Taylor Beck,5,TOT,NHL,LW,2016-17,25,0,0,0,-3,4,0,0,0,0,5,0,44,0,0,0,1,-0.1,-0.1,-0.2
Christoph Bertschy,5,MIN,NHL,C,2016-17,22,0,1,1,0,4,0,0,0,0,5,0,41,0,0.2,0.2,1,0,0,0
Andreas Englund,5,OTT,NHL,D,2016-17,21,0,0,0,-3,2,0,0,0,0,3,0,53,0,0,0,0.6,-0.1,-0.1,-0.2
A.J. Greer,5,COL,NHL,LW,2016-17,20,0,1,1,-2,4,0,0,0,0,8,0,68,0,0.2,0.2,1.6,-0.1,0,-0.1
Quinton Howden,5,WPG,NHL,C,2016-17,25,0,0,0,1,0,0,0,0,0,5,0,43,0,0,0,1,-0.1,0.1,0
Michael Kapla,5,NJD,NHL,D,2016-17,22,0,0,0,-1,0,0,0,0,0,4,0,87,0,0,0,0.8,-0.1,0.1,0
Brian Lashoff,5,DET,NHL,D,2016-17,26,0,0,0,-3,0,0,0,0,0,1,0,63,0,0,0,0.2,-0.1,-0.1,-0.2
Milan Michalek,5,TOR,NHL,LW,2016-17,32,1,1,2,-2,2,1,0,0,0,6,16.7,71,0.2,0.2,0.4,1.2,0.1,0,0.1
Griffen Molino,5,VAN,NHL,C,2016-17,23,0,0,0,-2,0,0,0,0,0,3,0,53,0,0,0,0.6,-0.1,0,-0.2
Miikka Salomaki,5,NSH,NHL,RW,2016-17,23,0,0,0,-1,2,0,0,0,0,3,0,61,0,0,0,0.6,-0.2,0,-0.1
Nick Sorensen,5,ANA,NHL,RW,2016-17,22,0,1,1,-1,2,0,0,0,0,7,0,54,0,0.2,0.2,1.4,0,0,0
Brian Strait,5,WPG,NHL,D,2016-17,29,0,2,2,-1,0,0,0,0,0,3,0,80,0,0.4,0.4,0.6,0.1,0,0.2
Mitch Callahan,4,DET,NHL,RW,2016-17,25,0,0,0,0,0,0,0,0,0,2,0,27,0,0,0,0.5,-0.1,0,0
Frank Corrado,4,TOT,NHL,D,2016-17,23,0,0,0,-1,8,0,0,0,0,3,0,43,0,0,0,0.75,-0.1,0,-0.1
Mark Fayne,4,EDM,NHL,D,2016-17,29,0,2,2,1,0,0,0,0,0,4,0,32,0,0.5,0.5,1,0.2,0.1,0.3
Tyler Gaudet,4,ARI,NHL,C,2016-17,23,0,1,1,0,0,0,0,0,0,3,0,52,0,0.25,0.25,0.75,0,0.1,0
Rocco Grimaldi,4,COL,NHL,C,2016-17,23,0,1,1,-3,2,0,0,0,0,11,0,44,0,0.25,0.25,2.75,0,-0.1,-0.1
Connor Jones,4,NYI,NHL,C,2016-17,26,0,0,0,1,2,0,0,0,0,2,0,47,0,0,0,0.5,-0.1,0.1,0
Jacob Larsson,4,ANA,NHL,D,2016-17,19,0,0,0,-1,2,0,0,0,0,2,0,66,0,0,0,0.5,-0.1,0.1,0
Clarke MacArthur,4,OTT,NHL,LW,2016-17,31,0,0,0,-1,0,0,0,0,0,5,0,54,0,0,0,1.25,-0.2,0,-0.1
Sonny Milano,4,CBJ,NHL,LW,2016-17,20,0,0,0,-3,0,0,0,0,0,2,0,47,0,0,0,0.5,-0.1,-0.1,-0.2
Mirco Mueller,4,SJS,NHL,D,2016-17,21,1,1,2,2,0,1,0,0,0,3,33.3,38,0.25,0.25,0.5,0.75,0.3,0.3,0.5
Alexander Nylander,4,BUF,NHL,RW,2016-17,18,0,1,1,-2,0,0,0,0,0,4,0,49,0,0.25,0.25,1,0,0,0
Adam Pardy,4,NSH,NHL,D,2016-17,32,0,0,0,-1,6,0,0,0,0,4,0,44,0,0,0,1,-0.1,0,-0.1
Mason Raymond,4,ANA,NHL,LW,2016-17,31,0,0,0,-2,0,0,0,0,0,3,0,36,0,0,0,0.75,-0.1,0,-0.1
Buddy Robinson,4,OTT,NHL,RW,2016-17,25,0,0,0,0,2,0,0,0,0,4,0,28,0,0,0,1,-0.1,0,0
Kevin Rooney,4,NJD,NHL,C,2016-17,23,0,0,0,-3,4,0,0,0,0,2,0,41,0,0,0,0.5,-0.1,-0.1,-0
Cole Schneider,4,BUF,NHL,LW,2016-17,26,0,1,1,2,0,0,0,0,0,6,0,29,0,0.25,0.25,1.5,0,0.1,0.2
Mikhail Sergachev,4,MTL,NHL,D,2016-17,18,0,0,0,1,0,0,0,0,0,2,0,49,0,0,0,0.5,-0.1,0.2,0.1
Chandler Stephenson,4,WSH,NHL,C,2016-17,22,0,0,0,0,0,0,0,0,0,3,0,36,0,0,0,0.75,-0.1,0,-0.1
Linden Vey,4,CGY,NHL,RW,2016-17,25,0,0,0,-2,0,0,0,0,0,1,0,44,0,0,0,0.25,-0.1,0,-0.2
Tyler Wotherspoon,4,CGY,NHL,D,2016-17,23,0,0,0,-2,0,0,0,0,0,4,0,44,0,0,0,1,-0.1,-0.1,-0.1
Riley Barber,3,WSH,NHL,RW,2016-17,22,0,0,0,0,0,0,0,0,0,2,0,26,0,0,0,0.67,-0.1,0,0
Patrick Cannone,3,MIN,NHL,C,2016-17,30,0,0,0,0,0,0,0,0,0,2,0,24,0,0,0,0.67,-0.1,0,0
Chris Didomenico,3,OTT,NHL,RW,2016-17,27,0,0,0,0,6,0,0,0,0,5,0,33,0,0,0,1.67,-0.1,0,-0.1
Emerson Etem,3,ANA,NHL,LW,2016-17,24,0,0,0,1,2,0,0,0,0,0,,26,0,0,0,0,-0.1,0.1,0
Bobby Farnham,3,MTL,NHL,RW,2016-17,28,0,0,0,0,17,0,0,0,0,4,0,25,0,0,0,1.33,-0.1,0,0
Barclay Goodrow,3,SJS,NHL,RW,2016-17,23,0,1,1,0,0,0,0,0,0,3,0,34,0,0.33,0.33,1,0,0,0.1
Alexandre Grenier,3,VAN,NHL,RW,2016-17,25,0,0,0,-1,0,0,0,0,0,1,0,19,0,0,0,0.33,-0.1,0,-0.1
Nicklas Grossmann,3,CGY,NHL,D,2016-17,32,0,0,0,-4,2,0,0,0,0,3,0,39,0,0,0,1,0,-0.2,-0.3
Brendan Guhle,3,BUF,NHL,D,2016-17,19,0,0,0,1,0,0,0,0,0,4,0,49,0,0,0,1.33,-0.1,0.2,0.1
Charles Hudon,3,MTL,NHL,LW,2016-17,22,0,2,2,1,2,0,0,0,0,3,0,36,0,0.67,0.67,1,0.1,0.1,0.2
Clayton Keller,3,ARI,NHL,LW,2016-17,18,0,2,2,-3,0,0,0,0,0,0,,38,0,0.67,0.67,0,0.1,-0.1,0
Jamie McBain,3,ARI,NHL,D,2016-17,28,0,0,0,-1,0,0,0,0,0,3,0,50,0,0,0,1,-0.1,0,0
Ian McCoshen,3,FLA,NHL,D,2016-17,21,0,1,1,0,0,0,0,0,0,0,,40,0,0.33,0.33,0,0.1,0.1,0.2
Colin McDonald,3,PHI,NHL,C,2016-17,32,1,0,1,1,0,1,0,0,0,5,20,27,0.33,0,0.33,1.67,0.1,0.1,0.2
Wade Megan,3,STL,NHL,C,2016-17,26,1,0,1,1,0,1,0,0,0,6,16.7,26,0.33,0,0.33,2,0.1,0.1,0.2
Zbynek Michalek,3,ARI,NHL,D,2016-17,34,0,0,0,1,0,0,0,0,0,3,0,53,0,0,0,1,-0.1,0.2,0.1
Jakub Nakladal,3,CAR,NHL,D,2016-17,29,0,0,0,-4,0,0,0,0,0,3,0,44,0,0,0,1,-0.1,-0.2,-0.3
Rob O'Gara,3,BOS,NHL,D,2016-17,23,0,0,0,1,0,0,0,0,0,2,0,48,0,0,0,0.67,-0.1,0.2,0.1
Daniel O'Regan,3,SJS,NHL,C,2016-17,23,1,0,1,-2,0,0,1,0,0,5,20,35,0.33,0,0.33,1.67,0.1,0,0.1
Tanner Richard,3,TBL,NHL,C,2016-17,23,0,0,0,-2,2,0,0,0,0,1,0,38,0,0,0,0.33,-0.1,0,-0.1
Anton Rodin,3,VAN,NHL,RW,2016-17,26,0,1,1,1,0,0,0,0,0,2,0,27,0,0.33,0.33,0.67,0,0.1,0.1
Nikita Scherbak,3,MTL,NHL,RW,2016-17,21,1,0,1,1,0,0,1,0,0,3,33.3,34,0.33,0,0.33,1,0.1,0.1,0.2
Duncan Siemens,3,COL,NHL,D,2016-17,23,0,0,0,-2,2,0,0,0,0,2,0,37,0,0,0,0.67,0,-0.1,-0.1
Dillon Simpson,3,EDM,NHL,D,2016-17,,0,0,0,0,2,0,0,0,0,2,0,33,0,0,0,0.67,0,0.1,0
Blake Speers,3,NJD,NHL,C,2016-17,20,0,0,0,0,0,0,0,0,0,3,0,28,0,0,0,1,-0.1,0,0
Ben Thomson,3,NJD,NHL,LW,2016-17,24,0,0,0,-4,4,0,0,0,0,7,0,33,0,0,0,2.33,-0.1,-0.1,-0.2
T.J. Tynan,3,CBJ,NHL,RW,2016-17,24,0,0,0,-1,0,0,0,0,0,3,0,22,0,0,0,1,-0.1,0,-0.1
MacKenzie Weegar,3,FLA,NHL,D,2016-17,23,0,0,0,0,4,0,0,0,0,3,0,52,0,0,0,1,-0.1,0.1,0.1
Mathew Barzal,2,NYI,NHL,C,2016-17,19,0,0,0,-2,6,0,0,0,0,0,,20,0,0,0,0,-0.1,-0.1,-0.1
Mike Blunden,2,OTT,NHL,RW,2016-17,30,0,0,0,0,4,0,0,0,0,1,0,16,0,0,0,0.5,0,0,0
Erik Burgdoerfer,2,BUF,NHL,D,2016-17,28,0,0,0,-1,0,0,0,0,0,2,0,22,0,0,0,1,0,0,-0.1
Gabriel Carlsson,2,CBJ,NHL,D,2016-17,20,0,1,1,-2,0,0,0,0,0,3,0,34,0,0.5,0.5,1.5,0.1,-0.1,0
Alexandre Carrier,2,NSH,NHL,D,2016-17,20,0,0,0,1,0,0,0,0,0,1,0,21,0,0,0,0.5,0,0.1,0.1
Martin Frk,2,CAR,NHL,RW,2016-17,23,0,0,0,-3,0,0,0,0,0,1,0,17,0,0,0,0.5,0,-0.1,-0.2
Matthew Grzelcyk,2,BOS,NHL,D,2016-17,23,0,0,0,0,2,0,0,0,0,4,0,25,0,0,0,2,0,0.1,0
Vladislav Kamenev,2,NSH,NHL,LW,2016-17,20,0,0,0,-1,2,0,0,0,0,1,0,20,0,0,0,0.5,-0.1,0,-0.1
Bracken Kearns,2,NYI,NHL,C,2016-17,35,0,0,0,-1,2,0,0,0,0,3,0,22,0,0,0,1.5,-0.1,0,-0.1
Scott Laughton,2,PHI,NHL,C,2016-17,22,0,0,0,0,0,0,0,0,0,4,0,20,0,0,0,2,-0.1,0,0
Brett Lernout,2,MTL,NHL,D,2016-17,21,0,0,0,-1,0,0,0,0,0,3,0,38,0,0,0,1.5,0,0,0
Matthew Lorito,2,DET,NHL,LW,2016-17,26,0,1,1,0,0,0,0,0,0,6,0,29,0,0.5,0.5,3,0,0,0.1
Aaron Ness,2,WSH,NHL,D,2016-17,26,0,0,0,-1,0,0,0,0,0,0,,26,0,0,0,0,0,0,-0.1
Jordan Oesterle,2,EDM,NHL,D,2016-17,24,0,0,0,-1,0,0,0,0,0,2,0,35,0,0,0,1,0,0,-0.1
Kevin Porter,2,PIT,NHL,C,2016-17,30,0,0,0,-1,0,0,0,0,0,0,,23,0,0,0,0,-0.1,0,-0.1
Andrew Poturalski,2,CAR,NHL,C,2016-17,23,0,0,0,-3,0,0,0,0,0,1,0,25,0,0,0,0.5,-0.1,-0.1,-0.2
Dominik Simon,2,PIT,NHL,C,2016-17,22,0,1,1,-1,0,0,0,0,0,2,0,26,0,0.5,0.5,1,0,0,0
C.J. Smith,2,BUF,NHL,LW,2016-17,22,0,1,1,-1,0,0,0,0,0,2,0,23,0,0.5,0.5,1,0,0,0
Evgeny Svechnikov,2,DET,NHL,RW,2016-17,20,0,0,0,0,0,0,0,0,0,4,0,26,0,0,0,2,-0.1,0,0
Sergey Tolchinsky,2,CAR,NHL,LW,2016-17,21,0,1,1,0,0,0,0,0,0,2,0,23,0,0.5,0.5,1,0,0,0.1
Mike Vecchione,2,PHI,NHL,RW,2016-17,23,0,0,0,-1,0,0,0,0,0,1,0,17,0,0,0,0.5,0,0,-0.1
Colin White,2,OTT,NHL,C,2016-17,20,0,0,0,0,0,0,0,0,0,1,0,27,0,0,0,0.5,-0.1,0,0
Valentin Zykov,2,CAR,NHL,LW,2016-17,21,1,0,1,1,0,1,0,0,0,3,33.3,13,0.5,0,0.5,1.5,0.2,0.1,0.2
Spencer Abbott,1,CHI,NHL,LW,2016-17,28,0,0,0,0,0,0,0,0,0,1,0,9,0,0,0,1,0,0,0
Rasmus Andersson,1,CGY,NHL,D,2016-17,20,0,0,0,-1,0,0,0,0,0,0,,19,0,0,0,0,0,0,-0.1
Chris Butler,1,STL,NHL,D,2016-17,30,0,0,0,0,0,0,0,0,0,1,0,21,0,0,0,1,0,0,0
Thomas Chabot,1,OTT,NHL,D,2016-17,20,0,0,0,-2,0,0,0,0,0,1,0,7,0,0,0,1,0,-0.2,-0.2
Jean-Sebastien Dea,1,PIT,NHL,C,2016-17,22,0,0,0,0,2,0,0,0,0,1,0,11,0,0,0,1,0,0,0
Simon Despres,1,ANA,NHL,D,2016-17,25,0,0,0,0,0,0,0,0,0,1,0,16,0,0,0,1,0,0,0
Jakob Forsbacka Karlsson,1,BOS,NHL,C,2016-17,20,0,0,0,0,0,0,0,0,0,0,,8,0,0,0,0,0,0,0
Denis Gurianov,1,DAL,NHL,RW,2016-17,19,0,0,0,-1,0,0,0,0,0,0,,13,0,0,0,0,0,0,-0.1
Robert Hagg,1,PHI,NHL,D,2016-17,21,0,0,0,0,0,0,0,0,0,5,0,21,0,0,0,5,0,0.1,0
Tim Heed,1,SJS,NHL,D,2016-17,26,0,0,0,0,0,0,0,0,0,1,0,16,0,0,0,1,0,0,0
Samuel Henley,1,COL,NHL,C,2016-17,23,1,0,1,1,2,1,0,0,0,1,100,5,1,0,1,1,0.2,0,0.3
Mark Jankowski,1,CGY,NHL,C,2016-17,22,0,0,0,0,0,0,0,0,0,0,,10,0,0,0,0,0,0,0
Nicolas Kerdiles,1,ANA,NHL,LW,2016-17,23,0,0,0,1,0,0,0,0,0,0,,11,0,0,0,0,0,0.1,0
Kalle Kossila,1,ANA,NHL,LW,2016-17,23,0,0,0,0,0,0,0,0,0,1,0,7,0,0,0,1,0,0,0
Mike Liambas,1,NSH,NHL,LW,2016-17,27,0,0,0,-1,0,0,0,0,0,0,,5,0,0,0,0,0,0,-0.1
Sean Malone,1,BUF,NHL,C,2016-17,21,0,0,0,0,0,0,0,0,0,1,0,12,0,0,0,1,0,0,0
Evan McEneny,1,VAN,NHL,D,2016-17,22,0,0,0,-1,0,0,0,0,0,1,0,15,0,0,0,1,0,0,-0.1
Mark McNeill,1,DAL,NHL,RW,2016-17,23,0,0,0,-1,0,0,0,0,0,1,0,14,0,0,0,1,0,0,-0.1
Jaycob Megna,1,ANA,NHL,D,2016-17,24,0,0,0,1,0,0,0,0,0,0,,15,0,0,0,0,0,0.1,0.1
Garrett Mitchell,1,WSH,NHL,RW,2016-17,25,0,0,0,0,0,0,0,0,0,0,,9,0,0,0,0,0,0,0
Samuel Morin,1,PHI,NHL,D,2016-17,21,0,0,0,0,0,0,0,0,0,2,0,18,0,0,0,2,0,0,0
Cristoval Nieves,1,NYR,NHL,C,2016-17,23,0,0,0,-1,0,0,0,0,0,0,,12,0,0,0,0,0,0,-0.1
Liam O'Brien,1,WSH,NHL,LW,2016-17,22,0,0,0,0,0,0,0,0,0,0,,6,0,0,0,0,0,0,0
Nick Paul,1,OTT,NHL,LW,2016-17,21,0,0,0,-2,0,0,0,0,0,4,0,16,0,0,0,4,0,-0.1,-0.1
Ryan Pulock,1,NYI,NHL,D,2016-17,22,0,0,0,1,0,0,0,0,0,0,,4,0,0,0,0,0,0.1,0.1
Borna Rendulic,1,VAN,NHL,RW,2016-17,24,0,0,0,0,0,0,0,0,0,1,0,5,0,0,0,1,0,0,0
Dan Renouf,1,DET,NHL,D,2016-17,22,0,0,0,0,0,0,0,0,0,1,0,14,0,0,0,1,0,0,0
Jack Roslovic,1,WPG,NHL,C,2016-17,20,0,0,0,-1,0,0,0,0,0,1,0,8,0,0,0,1,0,0,-0.1
Trevor Smith,1,NSH,NHL,C,2016-17,31,0,0,0,0,0,0,0,0,0,0,,7,0,0,0,0,0,0,0
Vladimir Sobotka,1,STL,NHL,LW,2016-17,29,1,0,1,0,0,1,0,0,0,2,50,17,1,0,1,2,0.2,0,0.2
Corey Tropp,1,ANA,NHL,RW,2016-17,27,0,0,0,-1,0,0,0,0,0,0,,9,0,0,0,0,0,0,-0.1
Michael Zalewski,1,VAN,NHL,LW,2016-17,24,0,0,0,-1,0,0,0,0,0,0,,8,0,0,0,0,0,0,-0.1
